WONUM,WORKTYPE,WORKORDERSTATUS,WORKORDERDESC,REPORTEDBY,CCLINE,LOCATION,ASSETNUM,AFFECTEDDATE,REPORTDATE,ACTUALSTART,ACTUALFINISH,OWNERGROUP,PERSONGROUP
WO2026-225580,CM,COMP,1D5-MSD201 Drive Motor pulley flange detached found during PM,TSM-332,L1,1D5DS0-P02-PLAT-201,SP118366,"Jun 15, 2026 1:59 AM","Jun 15, 2026 1:59 AM","Jun 15, 2026 2:02 AM","Jun 15, 2026 2:43 PM",MESMNS,PSDCOOR1
WO2026-227286,CM,CLOSE,MRIICF- 2C3- mezzanine level - F01-A168- door stopper damage,FM-80958,L2,2C3ES0-F01-COCP,DOOR-28,"Jun 17, 2026 4:49 PM","Jun 17, 2026 4:49 PM","Jun 17, 2026 4:50 PM","Jun 18, 2026 9:55 AM",MEFMSOFT,MEFMCSA
WO2026-227303,CM,CLOSE,MRIICF- 2C3-F01-N123-CSER 03-door closer arm disconnected,FM-80958,L2,2C3ES0-F01-COM03,DOOR-28,"Jun 17, 2026 5:52 PM","Jun 17, 2026 5:52 PM","Jun 17, 2026 5:53 PM","Jun 18, 2026 9:29 PM",MEFMSOFT,MEFMCSA
WO2026-227302,CM,CLOSE,MRIICF- 2C3-F01-N147-LOW VOLTAGE ROOM-lock plate screw missing,FM-80958,L2,2C3ES0-F01-LVR03,DOOR-28,"Jun 17, 2026 5:49 PM","Jun 17, 2026 5:49 PM","Jun 17, 2026 5:50 PM","Jun 18, 2026 9:26 PM",MEFMSOFT,MEFMCSA
WO2026-227301,CM,CLOSE,MRIICF- 2C3-F01-A129-2-STAFF ROOM FEMALE-Chair screw loose condition,FM-80958,L2,2C3ES0-F01-SFF,FURN-28,"Jun 17, 2026 5:45 PM","Jun 17, 2026 5:45 PM","Jun 17, 2026 5:47 PM","Jun 18, 2026 9:24 PM",MEFMSOFT,MEFMCSA
WO2026-227297,CM,CLOSE,MRIICF- 2C3STAFF ROOM MALE--Chair screw loose condition,FM-80958,L2,2C3ES0-F01-SFM,FURN-28,"Jun 17, 2026 5:35 PM","Jun 17, 2026 5:35 PM","Jun 17, 2026 5:36 PM","Jun 18, 2026 9:21 PM",MEFMSOFT,MEFMCSA
WO2026-227287,CM,CLOSE,MRIICF- 2C3-female toilet - washbasin cover damage,FM-80958,L2,2C3ES0-F01-WCF,INTWAL-28,"Jun 17, 2026 4:55 PM","Jun 17, 2026 4:55 PM","Jun 17, 2026 4:56 PM","Jun 18, 2026 10:02 AM",MEFMSOFT,MEFMCSA
WO2026-225591,CM,COMP,SCSS-2C3ES0-F01-COMT-ACCS-5 battery backup not working,TSM-168,L2,2C3ES0-F01-COMT,SC101810,"Jun 15, 2026 12:28 AM","Jun 15, 2026 12:28 AM","Jun 15, 2026 4:15 AM","Jun 15, 2026 8:54 PM",MESMNS,COMCOOR1
WO2026-225592,CM,COMP,SCSS-2C3ES0-F01-COMT-ACCS-6 battery backup not working,TSM-168,L2,2C3ES0-F01-COMT,SC101811,"Jun 15, 2026 12:29 AM","Jun 15, 2026 12:29 AM","Jun 15, 2026 4:16 AM","Jun 15, 2026 8:48 PM",MESMNS,COMCOOR1
WO2026-226541,CM,INPRG,2C3- DXU-35 is showing not working from BMS Workstation,OSAMA.ALOSAIMI,L2,2C3ES0-B01-GEN,CMAC000461,"Jun 16, 2026 5:22 PM","Jun 16, 2026 5:22 PM","Jun 16, 2026 5:26 PM",,MEFMHARD,ELECFMSC
WO2026-226541,CM,INPRG,2C3- DXU-35 is showing not working from BMS Workstation,OSAMA.ALOSAIMI,L2,2C3ES0-B01-GEN,CMAC000461,"Jun 16, 2026 5:22 PM","Jun 16, 2026 5:22 PM","Jun 16, 2026 5:26 PM",,MEFMHARD,ELECFMSC
WO2026-225702,CM,CLOSE,2C3-Ahu-01 Compressor 1 trip and HP alarm,FM-135119,L2,2C3ES0-F01-HVR01,CMAC000511,"Jun 15, 2026 2:52 PM","Jun 15, 2026 2:52 PM","Jun 15, 2026 2:54 PM","Jun 20, 2026 11:20 AM",MEFMHARD,HVACFMSC
WO2026-227917,CM,CLOSE,2A2-ENTRANCE 01-SLIDING DOOR 6-NOT CLOSING,0000220,L2,2A2ES0,CA00000043,"Jun 18, 2026 2:05 AM","Jun 18, 2026 2:05 AM","Jun 18, 2026 2:28 AM","Jun 21, 2026 1:54 PM",MEFMHARD,MECHFMSC
WO2026-226395,CM,CLOSE,2A2-Supervisor ACT-P02-N1L7-MM211-ARL02 P02--A156 BD alarm appears and disappears frequently,RAMAKRISHNA.KAPARTHY,L2,2A2ES0,CFDA000001,"Jun 16, 2026 1:05 AM","Jun 16, 2026 1:05 AM","Jun 16, 2026 1:19 AM","Jun 21, 2026 8:05 AM",MEFMHARD,ELECFMSC
WO2026-225704,CM,INPRG,2A2-Ahu_01 Compressor 2 HP alarm,FM-135119,L2,2A2ES0-F01-HVR02,CMAC000001,"Jun 15, 2026 3:13 PM","Jun 15, 2026 3:13 PM","Jun 15, 2026 3:17 PM",,MEFMHARD,HVACFMSC
WO2026-227960,CM,COMP,2C1- Transponder- TR 1077390- Failure alarm on ATS,TSM-369,L2,2C100P,SIG1003801,"Jun 18, 2026 7:09 AM","Jun 18, 2026 7:09 AM","Jun 18, 2026 7:13 AM","Jun 22, 2026 5:50 AM",MESMNS,SIGCOOR1
WO2026-227960,CM,COMP,2C1- Transponder- TR 1077390- Failure alarm on ATS,TSM-369,L2,2C100P,SIG1003801,"Jun 18, 2026 7:09 AM","Jun 18, 2026 7:09 AM","Jun 18, 2026 7:13 AM","Jun 22, 2026 5:50 AM",MESMNS,SIGCOOR1
WO2026-226516,CM,CLOSE,"2C1-Platform level-Minor water leakage coming from pipes overhead, in front of female staff room",MUDASSAR.RASHEED,L2,2C1SS0-B03-CORR02,MEPG1446,"Jun 16, 2026 2:10 PM","Jun 16, 2026 2:10 PM","Jun 16, 2026 2:19 PM","Jun 18, 2026 1:28 PM",MEFMHARD,MECHFMSC
WO2026-225766,CM,COMP,2C1 - Telephone is not working in the TOR1,CHINTHALA.MAHESH,L2,2C1SS0-G00-TOR01,SC101549,"Jun 15, 2026 9:21 PM","Jun 15, 2026 9:21 PM","Jun 15, 2026 9:55 PM","Jun 16, 2026 6:55 AM",MESMNS,COMCOOR1
WO2026-226411,CM,COMP,2C1SS0-P02-PLAT - CAMERA IFDC 20 lost connection,AHMED.ALMASHAMA,L2,2C1SS0-P02-PLAT,SC101463,"Jun 16, 2026 1:03 AM","Jun 16, 2026 1:03 AM","Jun 16, 2026 4:41 AM","Jun 17, 2026 2:18 PM",MESMNS,COMCOOR1
WO2026-227274,CM,INPRG,2C1 Station CBS showing Loss communication in BMS graphic.,FM-135119,L2,2C1SS0-P02-SMR,CJME0100030,"Jun 17, 2026 2:53 PM","Jun 17, 2026 2:53 PM","Jun 17, 2026 2:54 PM",,MEFMHARD,ELECFMSC
WO2026-227275,CM,INPRG,2C1 Station West York Gateway SMR showing All DXU's unit showing off status in BMS,FM-135119,L2,2C1SS0-P02-SMR,CJME0100030,"Jun 17, 2026 2:57 PM","Jun 17, 2026 2:57 PM","Jun 17, 2026 2:58 PM",,MEFMHARD,ELECFMSC
WO2026-227931,CM,CLOSE,2E2 Unable to login L&E workstation,DILIP.TIRUAIPATI,L2,2E2SS0,LEWS00039,"Jun 18, 2026 4:38 AM","Jun 18, 2026 4:38 AM","Jun 18, 2026 4:47 AM","Jun 18, 2026 1:33 PM",MEFMHARD,MECHFMSC
WO2026-226565,CM,CLOSE,MRIICF -2E2 P02-27-STAFF ROOM MALE-chair screw loose  condition,FM-80958,L2,2E2SS0-P02-SFM,FURN-19,"Jun 16, 2026 9:22 PM","Jun 16, 2026 9:22 PM","Jun 16, 2026 9:23 PM","Jun 17, 2026 10:17 AM",MEFMSOFT,MEFMCSA
WO2026-226572,CM,CLOSE,"MRIICF -2E2 BL BO3-37 ,,Sump pump Room,, Door has visible tough stains on surface",FM-80958,L2,2E2SS0-B03-SPR,DOOR-19,"Jun 16, 2026 9:41 PM","Jun 16, 2026 9:41 PM","Jun 16, 2026 9:43 PM","Jun 17, 2026 10:35 AM",MEFMSOFT,MEFMCSA
WO2026-226569,CM,CLOSE,MRIICF -2E2  P02-16-WATER CLOSET FEMALE-door handle spring is broken,FM-80958,L2,2E2SS0-P02-WCF,DOOR-19,"Jun 16, 2026 9:35 PM","Jun 16, 2026 9:35 PM","Jun 16, 2026 9:36 PM","Jun 17, 2026 10:30 AM",MEFMSOFT,MEFMCSA
WO2026-226567,CM,CLOSE,MRIICF - 2E2 P02-26-STAFF ROOM FEMAL-chair screw loose  condition,FM-80958,L2,2E2SS0-P02-SFF,DOOR-19,"Jun 16, 2026 9:28 PM","Jun 16, 2026 9:28 PM","Jun 16, 2026 9:28 PM","Jun 17, 2026 10:21 AM",MEFMSOFT,MEFMCSA
WO2026-228018,CM,CLOSE,2E2 - Multiple FCUs connected to HCU 20 are not working,0000745,L2,2E2SS0-B01-ACY02,CMAC000965,"Jun 18, 2026 1:37 PM","Jun 18, 2026 1:37 PM","Jun 18, 2026 1:50 PM","Jun 20, 2026 6:45 AM",MEFMHARD,HVACFMSC
WO2026-225593,CM,COMP,SCSS-2E2SS0-B03-CORR03-ACWM-5 battery backup not working,TSM-168,L2,2E2SS0-B03-CORR03,SC102468,"Jun 15, 2026 12:33 AM","Jun 15, 2026 12:33 AM","Jun 15, 2026 4:17 AM","Jun 15, 2026 8:42 PM",MESMNS,COMCOOR1
WO2026-225727,CM,CLOSE,2E2 Escalator 3 is in fire mode,0000745,L2,2E2SS0-P02-G00,CMES000087,"Jun 15, 2026 6:21 PM","Jun 15, 2026 6:21 PM","Jun 15, 2026 6:50 PM","Jun 15, 2026 10:10 PM",MEFMHARD,MECHFMSC
WO2026-225728,CM,CLOSE,2E2 Escalator 4 is faulty,0000745,L2,2E2SS0-P02-G00,CMES000088,"Jun 15, 2026 6:22 PM","Jun 15, 2026 6:22 PM","Jun 15, 2026 6:55 PM","Jun 15, 2026 10:11 PM",MEFMHARD,MECHFMSC
WO2026-227340,CM,COMP,"2E2 , MSD 106 Screen not working Family Class PF 1",0001665,L2,2E2SS0-P02-PLAT01,SCPI102087,"Jun 17, 2026 11:03 PM","Jun 17, 2026 11:03 PM","Jun 17, 2026 11:22 PM","Jun 18, 2026 5:32 AM",MESMNS,COMCOOR1
WO2026-225724,CM,CLOSE,2E2 station Fire alarm esc 03 Pit.,0000748,L2,2E2SS0-P02-SMR,CFDA000033,"Jun 15, 2026 6:04 PM","Jun 15, 2026 6:04 PM","Jun 15, 2026 6:34 PM","Jun 15, 2026 9:28 PM",MEFMHARD,ELECFMSC
WO2026-227222,CM,CLOSE,2G1-Concourse west sliding door ACDW-27 sensor not working properly,0001137,L2,2G1AS0-B01-COCU01,CA00000057,"Jun 17, 2026 8:09 AM","Jun 17, 2026 8:09 AM","Jun 17, 2026 8:21 AM","Jun 18, 2026 12:08 PM",MEFMHARD,MECHFMSC
WO2026-225663,CM,INPRG,2G1-AHU 02 - SIF 2A & 2B Not Working,FM-114852,L2,2G1AS0-P01-SFTM,CMAC001225,"Jun 15, 2026 11:45 AM","Jun 15, 2026 11:45 AM","Jun 15, 2026 11:47 AM",,MEFMHARD,HVACFMSC
WO2026-225668,CM,CLOSE,2G1 Station Ahu-04 SIF-02A and SIF-02B not running.,FM-114852,L2,2G1AS0-P01-SFTM,CMAC001225,"Jun 15, 2026 11:51 AM","Jun 15, 2026 11:51 AM","Jun 15, 2026 11:58 AM","Jun 20, 2026 11:12 AM",MEFMHARD,HVACFMSC
WO2026-227291,CM,CLOSE,MRIECF - 2G1 west parking area - interlock need to fix,FM-80958,L2,2G1AS0,EXTFLR-27,"Jun 17, 2026 5:19 PM","Jun 17, 2026 5:19 PM","Jun 17, 2026 5:20 PM","Jun 19, 2026 10:31 AM",MEFMSOFT,MEFMCSA
WO2026-225708,CM,CLOSE,2G1-Male washroom health faucet need to replace,FM-135119,L2,2G1AG0,MEPG1829,"Jun 15, 2026 4:01 PM","Jun 15, 2026 4:01 PM","Jun 15, 2026 4:02 PM","Jun 17, 2026 8:10 AM",MEFMHARD,MECHFMSC
WO2026-227288,CM,CLOSE,MRIICF EAST DEPOT security room- wall repainting,FM-80958,L2,2SEDPE-G00-SGR,INTWAL-27,"Jun 17, 2026 5:01 PM","Jun 17, 2026 5:01 PM","Jun 17, 2026 5:02 PM","Jun 18, 2026 9:34 PM",MEFMSOFT,MEFMCSA
WO2026-226498,CM,CLOSE,"2G1-EAST CONC-Male Washroom,the Outer Door handle has jammed.",0000256,L2,2G1AS0-B01-WCA,DOOR-27,"Jun 16, 2026 11:46 AM","Jun 16, 2026 11:46 AM","Jun 16, 2026 12:20 PM","Jun 16, 2026 6:36 PM",MEFMCSA,MEFMCSA
WO2026-225655,CM,CLOSE,2G1-EAST CONC-Male Washroom-Hand sprayer cover has been removed by Passenger(Splashes Water allover),0000256,L2,2G1AG0,MEPG1829,"Jun 15, 2026 10:38 AM","Jun 15, 2026 10:38 AM","Jun 15, 2026 11:13 AM","Jun 17, 2026 10:03 PM",MEFMHARD,MECHFMSC
WO2026-225617,CM,COMP,L2-SBL2P1-T2006-MC2- Front coupler Major fault,TSM-148,L2,2006,M2006,"Jun 15, 2026 5:53 AM","Jun 15, 2026 5:53 AM","Jun 15, 2026 5:57 AM","Jun 18, 2026 11:11 AM",MESMNS,RSTCOOR1
WO2026-225617,CM,COMP,L2-SBL2P1-T2006-MC2- Front coupler Major fault,TSM-148,L2,2006,M2006,"Jun 15, 2026 5:53 AM","Jun 15, 2026 5:53 AM","Jun 15, 2026 5:57 AM","Jun 18, 2026 11:11 AM",MESMNS,RSTCOOR1
WO2026-227279,CM,CLOSE,ED-Admin female washroom door can't be closed properly,FM-135119,L2,2ABDPE-F01,DOOR-27,"Jun 17, 2026 3:46 PM","Jun 17, 2026 3:46 PM","Jun 17, 2026 3:49 PM","Jun 18, 2026 8:31 AM",MEFMSOFT,MEFMCSA
WO2026-227963,CM,COMP,T2012- 2F1-PF1- All CIP showing RED on ATS media page,TSM-369,L2,2012,SIG1003335,"Jun 18, 2026 7:49 AM","Jun 18, 2026 7:49 AM","Jun 18, 2026 7:51 AM","Jun 19, 2026 5:53 AM",MESMNS,SIGCOOR1
WO2026-227332,CM,COMP,T2012 - All Onboard intercom not working & unable to pickup the calls alarm at 2D2_Platform 1,TSM-329,L2,2ABDPE-G00-SIG,SIG1003330,"Jun 17, 2026 9:53 PM","Jun 17, 2026 9:58 PM","Jun 17, 2026 10:03 PM","Jun 18, 2026 4:15 AM",MESMNS,SIGCOOR1
WO2026-227265,CM,COMP,DPE ATS WSS - all trains onboard Camera view disconnected,TSM-198,L2,2ABDPE-G00-SIG,SIG1003333,"Jun 17, 2026 1:40 PM","Jun 17, 2026 1:40 PM","Jun 17, 2026 1:44 PM","Jun 17, 2026 3:51 PM",MESMNS,SIGCOOR1
WO2026-225596,CM,COMP,SCTL-2ADDPE-G00-COMT-OSBE-001 CMOS battery showing faulty,TSM-168,L2,2ADDPE-G00-COMT,SC110208,"Jun 15, 2026 2:58 AM","Jun 15, 2026 2:58 AM","Jun 15, 2026 4:22 AM","Jun 16, 2026 6:24 AM",MESMNS,COMCOOR1
WO2026-225598,CM,COMP,SCTL-2ADDPE-G00-COMT-OSFE-001 CMOS battery faulty,TSM-168,L2,2ADDPE-G00-COMT,SC110209,"Jun 15, 2026 3:00 AM","Jun 15, 2026 3:00 AM","Jun 15, 2026 4:24 AM","Jun 16, 2026 6:21 AM",MESMNS,COMCOOR1
WO2026-226472,CM,CLOSE,ED-Admin building ground floor- GOO.03 - Door is not getting locked,FM-114852,L2,2ADDPE-G00-STR01,DOOR-27,"Jun 16, 2026 10:12 AM","Jun 16, 2026 10:12 AM","Jun 16, 2026 10:18 AM","Jun 18, 2026 8:09 AM",MEFMCSA,MEFMCSA
WO2026-227258,CM,WMATL,ED - Chiller building CH-DPT-G08 Sensor is not working. Showing 0 value in bms.,FM-116174,L2,2CHDPE-G00-PGA,CMAC001393,"Jun 17, 2026 11:52 AM","Jun 17, 2026 11:52 AM","Jun 17, 2026 12:38 PM",,MEFMHARD,ELECFMSC
WO2026-228010,CM,CLOSE,Stabling building - Male Washroom - water leaking from Hand bidet,FM-114852,L2,2SMDPE-G00-WCM,MEPG1966,"Jun 18, 2026 12:36 PM","Jun 18, 2026 12:36 PM","Jun 18, 2026 12:38 PM","Jun 19, 2026 11:36 AM",MEFMHARD,MECHFMSC
WO2026-225599,CM,COMP,SCTL-2WBDPE-F02-COMT-OSMS-002 CMOS battery faulty,TSM-168,L2,2WBDPE-F02-COMT,SC110222,"Jun 15, 2026 3:00 AM","Jun 15, 2026 3:00 AM","Jun 15, 2026 4:25 AM","Jun 16, 2026 6:19 AM",MESMNS,COMCOOR1
WO2026-225600,CM,COMP,SCTL-2WBDPE-F02-COMT-XPSM-002 CMOS battery faulty,TSM-168,L2,2WBDPE-F02-COMT,SC110223,"Jun 15, 2026 3:02 AM","Jun 15, 2026 3:02 AM","Jun 15, 2026 4:26 AM","Jun 16, 2026 5:19 AM",MESMNS,COMCOOR1
WO2026-227237,CM,CLOSE,ED-Workshop-G00.22 - First Aid - Door closure is Faulty,FM-114852,L2,2WBDPE-G00-FSA,DOOR-27,"Jun 17, 2026 9:25 AM","Jun 17, 2026 9:25 AM","Jun 17, 2026 9:27 AM","Jun 18, 2026 8:19 AM",MEFMCSA,MEFMCSA
WO2026-227314,CM,CLOSE,2B2 fire alarm- female staff room,0000296,L2,2B2SH0-F01-ELOB,CFDA000040,"Jun 17, 2026 6:27 PM","Jun 17, 2026 6:35 PM","Jun 17, 2026 7:13 PM","Jun 17, 2026 9:47 PM",MEFMHARD,ELECFMSC
WO2026-226396,CM,CLOSE,2A3-WEST ENTRANCE-STRIP LIHT INSIDE-NOT WRKING,0000220,L2,2A3SS0,MEPG1235,"Jun 16, 2026 1:09 AM","Jun 16, 2026 1:09 AM","Jun 16, 2026 1:23 AM","Jun 18, 2026 5:14 AM",MEFMHARD,ELECFMSC
WO2026-226538,CM,CLOSE,MRIICF -2E1 platform chair plastic cover 3 piece damage and one cover missing,FM-80958,L2,2E1SS0-P01-PLAT-101,FURN-9,"Jun 16, 2026 5:08 PM","Jun 16, 2026 5:08 PM","Jun 16, 2026 5:09 PM","Jun 18, 2026 7:59 AM",MEFMSOFT,MEFMCSA
WO2026-226577,CM,CLOSE,MRIICF- 2E1 -EAST SIDE-swing gate touching pole,FM-80958,L2,2E1SS0-G00-COCP02,GATE-9,"Jun 16, 2026 9:56 PM","Jun 16, 2026 9:56 PM","Jun 16, 2026 9:57 PM","Jun 17, 2026 11:33 AM",MEFMSOFT,MEFMCSA
WO2026-227309,CM,CLOSE,MRIICF- 2E1-corridor- front of male staff room - wall need repair,FM-80958,L2,2E1SS0-P02-CORR02,INTWAL-9,"Jun 17, 2026 6:04 PM","Jun 17, 2026 6:04 PM","Jun 17, 2026 6:05 PM","Jun 18, 2026 4:05 PM",MEFMSOFT,MEFMCSA
WO2026-227307,CM,CLOSE,MRIICF- 2E1-WEST SIDE- ACY- FLOOR Epoxy damage,FM-80958,L2,2E1SS0-B01-ACY02,INTFLR-9,"Jun 17, 2026 6:00 PM","Jun 17, 2026 6:00 PM","Jun 17, 2026 6:01 PM","Jun 18, 2026 4:03 PM",MEFMSOFT,MEFMCSA
WO2026-227306,CM,CLOSE,MRIICF- 2E1-WEST SIDE- entrance Information signage painting,FM-80958,L2,2E1SS0-B01-OUT,INTWAL-9,"Jun 17, 2026 5:56 PM","Jun 17, 2026 5:56 PM","Jun 17, 2026 5:57 PM","Jun 18, 2026 4:01 PM",MEFMSOFT,MEFMCSA
WO2026-227285,CM,CLOSE,MRIICF-2E1- Boiler room- ceiling gypsum board damage,FM-80958,L2,2E1SS0-P02-BOR,CEIL-9,"Jun 17, 2026 4:44 PM","Jun 17, 2026 4:44 PM","Jun 17, 2026 4:45 PM","Jun 18, 2026 9:20 AM",MEFMSOFT,MEFMCSA
WO2026-226580,CM,CLOSE,MRIICF- 2E1-WAST SIDE- CORR02-panic bar screw loose condition,FM-80958,L2,2E1SS0-P02-CORR02,DOOR-9,"Jun 16, 2026 10:00 PM","Jun 16, 2026 10:00 PM","Jun 16, 2026 10:01 PM","Jun 17, 2026 11:35 AM",MEFMSOFT,MEFMCSA
WO2026-226575,CM,CLOSE,MRIICF - 2E1-B01-01-GENERATOR ROOM-door handle screws loose condition,FM-80958,L2,2E1SS0-B01-GEN,DOOR-9,"Jun 16, 2026 9:52 PM","Jun 16, 2026 9:52 PM","Jun 16, 2026 9:53 PM","Jun 17, 2026 11:30 AM",MEFMSOFT,MEFMCSA
WO2026-226574,CM,CLOSE,MRIICF - 2E1-B01-03-FM200 ROOM 09-lock plate screw missing,FM-80958,L2,2E1SS0-B01-FMR09,DOOR-9,"Jun 16, 2026 9:48 PM","Jun 16, 2026 9:48 PM","Jun 16, 2026 9:49 PM","Jun 17, 2026 11:22 AM",MEFMSOFT,MEFMCSA
WO2026-226573,CM,CLOSE,MRIICF -2E1-P02-27-STAFF ROOM MALE-chair screw loose condition,FM-80958,L2,2E1SS0-P02-SFM,FURN-9,"Jun 16, 2026 9:45 PM","Jun 16, 2026 9:45 PM","Jun 16, 2026 9:46 PM","Jun 17, 2026 11:26 AM",MEFMSOFT,MEFMCSA
WO2026-226539,CM,CLOSE,MRIICF -2E1 West side ACY hinges is damaged,FM-80958,L2,2E1SS0-B01-ACY04,DOOR-9,"Jun 16, 2026 5:13 PM","Jun 16, 2026 5:13 PM","Jun 16, 2026 5:15 PM","Jun 18, 2026 9:11 AM",MEFMSOFT,MEFMCSA
WO2026-227293,CM,CLOSE,MRIICF- 2D2 -P02-12-STAFF ROOM MALE-chair screw loose condition,FM-80958,L2,2D2SS0-P02-SFM,FURN-2,"Jun 17, 2026 5:22 PM","Jun 17, 2026 5:22 PM","Jun 17, 2026 5:23 PM","Jun 18, 2026 3:53 PM",MEFMSOFT,MEFMCSA
WO2026-226486,CM,CLOSE,2D2-PLATFORM LEVEL-Male washroom- Insects and cockroaches are widespread in the place,0000301,L2,2D2SS0,INTFLR-2,"Jun 16, 2026 9:35 AM","Jun 16, 2026 9:35 AM","Jun 16, 2026 11:14 AM","Jun 18, 2026 2:25 AM",MEFMSOFT,SSFMSC
WO2026-226401,CM,CLOSE,2D2-UDERPLATFOM WEST BOUND-MINOR WATER LEAKAGE FROM FIRE FIGHTING PIPELINE,0001384,L2,2D2SS0,CFFF001259,"Jun 16, 2026 2:19 AM","Jun 16, 2026 2:19 AM","Jun 16, 2026 2:26 AM","Jun 21, 2026 8:51 AM",MEFMHARD,MECHFMSC
WO2026-226401,CM,CLOSE,2D2-UDERPLATFOM WEST BOUND-MINOR WATER LEAKAGE FROM FIRE FIGHTING PIPELINE,0001384,L2,2D2SS0,CFFF001259,"Jun 16, 2026 2:19 AM","Jun 16, 2026 2:19 AM","Jun 16, 2026 2:26 AM","Jun 21, 2026 8:51 AM",MEFMHARD,MECHFMSC
WO2026-227295,CM,CLOSE,MRIICF- 2D2 FEMALE WASHROOM-door handle loose condition,FM-80958,L2,2D2SS0,DOOR-2,"Jun 17, 2026 5:32 PM","Jun 17, 2026 5:32 PM","Jun 17, 2026 5:33 PM","Jun 18, 2026 3:57 PM",MEFMSOFT,MEFMCSA
WO2026-227294,CM,CLOSE,MRIICF- 2D2 -CENTRAL BATTERY SYSTEM-strike plate screw loose condition,FM-80958,L2,2D2SS0-P02-CBS,DOOR-2,"Jun 17, 2026 5:26 PM","Jun 17, 2026 5:26 PM","Jun 17, 2026 5:27 PM","Jun 18, 2026 3:55 PM",MEFMSOFT,MEFMCSA
WO2026-227925,CM,CLOSE,2b4- Grade level part C- Entrance one sliding door on the left in open condition cannot be closed,0000595,L2,2B4DS0,CA00000015,"Jun 18, 2026 3:46 AM","Jun 18, 2026 3:46 AM","Jun 18, 2026 4:12 AM","Jun 18, 2026 3:04 PM",MEFMHARD,MECHFMSC
WO2026-227944,CM,CLOSE,2B4-CONCOURSE LEVEL- (B05.110)MALE WASHROOM- Door handle need to be fixed,0000595,L2,2B4DS0-B05-WCM,DOOR-4,"Jun 18, 2026 4:00 AM","Jun 18, 2026 4:00 AM","Jun 18, 2026 5:48 AM","Jun 18, 2026 1:54 PM",MEFMCSA,MEFMCSA
WO2026-225715,CM,COMP,2A2- TVD_TS2017 and TS2019- ARB track section alarm on ATS,TSM-369,L2,2A204A,SIG1002336,"Jun 15, 2026 4:44 PM","Jun 15, 2026 4:47 PM","Jun 15, 2026 5:02 PM","Jun 16, 2026 5:43 AM",MESMNS,SIGCOOR1
WO2026-225715,CM,COMP,2A2- TVD_TS2017 and TS2019- ARB track section alarm on ATS,TSM-369,L2,2A204A,SIG1002336,"Jun 15, 2026 4:44 PM","Jun 15, 2026 4:47 PM","Jun 15, 2026 5:02 PM","Jun 16, 2026 5:43 AM",MESMNS,SIGCOOR1
WO2026-226425,CM,INPRG,2B2/1B3-Grade level-Garden area- Plaza-4  -Lighting not working,0000888,L2,2B2DS0,MEPG2081,"Jun 16, 2026 5:14 AM","Jun 16, 2026 5:14 AM","Jun 16, 2026 5:26 AM",,MEFMHARD,ELECFMSC
WO2026-226428,CM,INPRG,2B2/1B3-Grade level-Middle of Garden area-naer Riyadh metro stechu Lighting not working,0000888,L2,2B2DS0,MEPG2081,"Jun 16, 2026 5:15 AM","Jun 16, 2026 5:15 AM","Jun 16, 2026 5:31 AM",,MEFMHARD,ELECFMSC
WO2026-226428,CM,INPRG,2B2/1B3-Grade level-Middle of Garden area-naer Riyadh metro stechu Lighting not working,0000888,L2,2B2DS0,MEPG2081,"Jun 16, 2026 5:15 AM","Jun 16, 2026 5:15 AM","Jun 16, 2026 5:31 AM",,MEFMHARD,ELECFMSC
WO2026-226426,CM,INPRG,":2B2/1B3 – Grade Level, Garden Area, Plaza-4  in front of merieden hotel – LED light is not working.",0000888,L2,2B2DS0,MEPG2081,"Jun 16, 2026 5:14 AM","Jun 16, 2026 5:14 AM","Jun 16, 2026 5:29 AM",,MEFMHARD,ELECFMSC
WO2026-226535,CM,CLOSE,MRIICF-2C4-platform chair plastic cover damage,FM-80958,L2,2C4AS0-P01-PLAT,FURN-5,"Jun 16, 2026 4:58 PM","Jun 16, 2026 4:58 PM","Jun 16, 2026 4:59 PM","Jun 18, 2026 7:49 AM",MEFMSOFT,MEFMCSA
WO2026-227185,CM,COMP,2C4-Door-Under PF-The Door for MVD Room Not Opening,0001384,L2,2C4AS0,DOOR-5,"Jun 17, 2026 4:57 AM","Jun 17, 2026 4:57 AM","Jun 17, 2026 5:15 AM","Jun 18, 2026 7:30 PM",MEFMCSA,COMCOOR1
WO2026-227191,CM,CLOSE,2C4-Door-B01-03-Generator Electrical Room Door Not Getting Opened,0001384,L2,2C4AS0,DOOR-5,"Jun 17, 2026 5:26 AM","Jun 17, 2026 5:26 AM","Jun 17, 2026 5:36 AM","Jun 18, 2026 10:59 AM",MEFMCSA,MEFMCSA
WO2026-227185,CM,COMP,2C4-Door-Under PF-The Door for MVD Room Not Opening,0001384,L2,2C4AS0,DOOR-5,"Jun 17, 2026 4:57 AM","Jun 17, 2026 4:57 AM","Jun 17, 2026 5:15 AM","Jun 18, 2026 7:30 PM",MEFMCSA,COMCOOR1
WO2026-227969,CM,COMP,2C4-Concourse-near first aid room- Ceiling mounted Speaker is misaligned and need to fix,NARENDHAR.RACHA,L2,2C4AS0-F04-COCU,SCC000928,"Jun 18, 2026 9:04 AM","Jun 18, 2026 9:04 AM","Jun 18, 2026 9:11 AM","Jun 19, 2026 3:20 PM",MESMNS,COMCOOR1
WO2026-227970,CM,COMP,2C4-MFACP-Trouble Alarm-N1L7-MCD-027-ELV02-ELV-100002 and SMD-055-ESC3-ESC-10003 PIT 3,0001384,L2,2C4AS0-P01-ELV02,MEPG1571,"Jun 18, 2026 6:03 AM","Jun 18, 2026 6:03 AM","Jun 18, 2026 9:28 AM","Jun 22, 2026 9:07 AM",MEFMHARD,ELECFMSC
WO2026-228020,CM,INPRG,"2C4 – Grade Level, North Entrance – air curtain is not working when the door is open.",NARENDHAR.RACHA,L2,2C4AS0-G00-ENT01,CMAC002971,"Jun 18, 2026 1:51 PM","Jun 18, 2026 1:51 PM","Jun 18, 2026 1:58 PM",,MEFMHARD,HVACFMSC
WO2026-226520,CM,CLOSE,2C4 - PDX 02&04 Not Working - SIG Room is High Temperature,MUATH.SHAIBAN,L2,2C4AG0,CMAC002930,"Jun 16, 2026 2:20 PM","Jun 16, 2026 2:20 PM","Jun 16, 2026 2:31 PM","Jun 17, 2026 8:35 PM",MEFMHARD,HVACFMSC
WO2026-228021,CM,INPRG,"2C4 – Grade Level, South Entrance – air curtain is not working when the door is open.",NARENDHAR.RACHA,L2,2C4AS0-G00-ENT02,CMAC002972,"Jun 18, 2026 1:52 PM","Jun 18, 2026 1:52 PM","Jun 18, 2026 1:59 PM",,MEFMHARD,HVACFMSC
WO2026-225747,CM,CLOSE,2F1-Concourse-Door stoppers damaged for the doors TOR and Corridor 01,0001137,L2,2F1AS0-F02-TOR,DOOR-3,"Jun 15, 2026 6:24 PM","Jun 15, 2026 6:24 PM","Jun 15, 2026 8:12 PM","Jun 17, 2026 9:20 AM",MEFMSOFT,MEFMCSA
WO2026-226536,CM,CLOSE,MRIICF-2F1- F04- 05- floor door stopper damaged,FM-80958,L2,2F1AS0-F04-VEST01,DOOR-3,"Jun 16, 2026 5:01 PM","Jun 16, 2026 5:01 PM","Jun 16, 2026 5:02 PM","Jun 17, 2026 9:24 AM",MEFMSOFT,MEFMCSA
WO2026-226546,CM,INPRG,2F1-Concourse Level-Male Wash Room Wash Basin Bottom Steel Cover-Unable to Open,0000746,L2,2F1AG0,MEPG1779,"Jun 16, 2026 7:34 PM","Jun 16, 2026 7:34 PM","Jun 16, 2026 7:46 PM",,MEFMHARD,MECHFMSC
WO2026-225629,CM,COMP,2F1 PF2 PAS ZON002 - ASL PAVA Amp Frame001 Amp03 Line Open Circuit_A fault on FSCADA,TSM-198,L2,2F1AS0-B01-COMT,SCPA100103,"Jun 15, 2026 6:57 AM","Jun 15, 2026 6:57 AM","Jun 15, 2026 7:00 AM","Jun 15, 2026 9:09 PM",MESMNS,COMCOOR1
WO2026-227165,CM,COMP,2F1 1-TES- operated and physically normalized but on ATS still showing operated,TSM-148,L2,2F1AS0-B01-SIGP,SIGC010003,"Jun 17, 2026 1:43 AM","Jun 17, 2026 1:43 AM","Jun 17, 2026 1:49 AM","Jun 17, 2026 6:08 AM",MESMNS,SIGCOOR1
WO2026-227936,CM,HOLD,L2-WSBL-T2021-MC2- HMI Major fault,TSM-148,L2,2021,M2021,"Jun 18, 2026 5:01 AM","Jun 18, 2026 5:01 AM","Jun 18, 2026 5:03 AM",,MESMNS,RSTCOOR1
WO2026-226534,CM,COMP,T2022-MC1-D5-Train Door Major Fault alarm on ATS at 2C1 Platform 1 (abaya stuck),TSM-329,L2,2022,RML2022MC1DOOR5,"Jun 16, 2026 4:31 PM","Jun 16, 2026 4:32 PM","Jun 16, 2026 4:37 PM","Jun 17, 2026 5:00 AM",MESMNS,RSTCOOR1
WO2026-228049,CM,COMP,T2022-UTO-2D21-MC1D1- Train door major fault alarm - no impact on OPS,TSM-415,L2,2022,RML2022MC1DOOR1,"Jun 18, 2026 5:46 PM","Jun 18, 2026 5:46 PM","Jun 18, 2026 5:50 PM","Jun 19, 2026 3:10 AM",MESMNS,RSTCOOR1
WO2026-227216,CM,COMP,T2022 MC1 - CIP16  showing not reachable on ATS at SBL3P1,TSM-198,L2,2022,RML36130,"Jun 17, 2026 7:49 AM","Jun 17, 2026 7:49 AM","Jun 17, 2026 7:51 AM","Jun 17, 2026 11:58 AM",MESMNS,SIGCOOR1
WO2026-228033,CM,COMP,T2023-UTO-2C42-MC2D5- Train door major fault alarm - no impact on OPS,TSM-415,L2,2023,RML2023MC2DOOR5,"Jun 18, 2026 4:05 PM","Jun 18, 2026 4:05 PM","Jun 18, 2026 4:08 PM","Jun 19, 2026 1:31 AM",MESMNS,RSTCOOR1
WO2026-228039,CM,COMP,T2023-UTO-2C11-MC2D6- Train door major fault alarm - no impact on OPS,TSM-415,L2,2023,RML2023MC2DOOR6,"Jun 18, 2026 4:39 PM","Jun 18, 2026 4:39 PM","Jun 18, 2026 4:41 PM","Jun 19, 2026 2:08 AM",MESMNS,RSTCOOR1
WO2026-225719,CM,COMP,T2024-2D2-PF01- MC1-Door 5- Door System Major alarm (Abaya Stuck),TSM-369,L2,2024,RML2024MC1DOOR5,"Jun 15, 2026 4:46 PM","Jun 15, 2026 5:20 PM","Jun 15, 2026 5:23 PM","Jun 17, 2026 1:32 AM",MESMNS,RSTCOOR1
WO2026-225719,CM,COMP,T2024-2D2-PF01- MC1-Door 5- Door System Major alarm (Abaya Stuck),TSM-369,L2,2024,RML2024MC1DOOR5,"Jun 15, 2026 4:46 PM","Jun 15, 2026 5:20 PM","Jun 15, 2026 5:23 PM","Jun 17, 2026 1:32 AM",MESMNS,RSTCOOR1
WO2026-227421,CM,COMP,TS2025 STINGER DEPOT PLUG PROTECTIVE CAP MISSING IN MC 1,TSM-261,L2,2025,M2025,"Jun 17, 2026 11:50 PM","Jun 17, 2026 11:50 PM","Jun 18, 2026 12:04 AM","Jun 18, 2026 2:51 AM",MESMNS,RSTCOOR1
WO2026-227282,CM,COMP,T2026-MC1-D5-Train Door Major Fault alarm on ATS at 2C1 Platform 1 (abaya stuck),TSM-329,L2,2026,RML2026MC1DOOR5,"Jun 17, 2026 3:51 PM","Jun 17, 2026 3:56 PM","Jun 17, 2026 3:59 PM","Jun 18, 2026 3:25 AM",MESMNS,RSTCOOR1
WO2026-225625,CM,COMP,T2001 MC1 DA11 - showing not reachable on ATS at 2G1_2 Insertion,TSM-198,L2,2001,RML77729,"Jun 15, 2026 6:12 AM","Jun 15, 2026 6:12 AM","Jun 15, 2026 6:16 AM","Jun 15, 2026 11:30 AM",MESMNS,SIGCOOR1
WO2026-225633,CM,COMP,T2001 Active OBCU B- all multimedia showing Red on ATS at SBL6P1,TSM-198,L2,2001,RML2001ETHLAN,"Jun 15, 2026 7:17 AM","Jun 15, 2026 7:17 AM","Jun 15, 2026 7:20 AM","Jun 15, 2026 11:28 AM",MESMNS,SIGCOOR1
WO2026-225705,CM,COMP,T2008-2C1-PF01- MC1-Door 5- Door System Major alarm (Abaya Stuck),TSM-369,L2,2008,RML2008MC1DOOR5,"Jun 15, 2026 3:10 PM","Jun 15, 2026 3:10 PM","Jun 15, 2026 3:18 PM","Jun 17, 2026 1:24 AM",MESMNS,RSTCOOR1
WO2026-226523,CM,COMP,T2008-MC1-D5-Train Door Major Fault alarm on ATS at 2C1 Platform 1 (abaya stuck),TSM-329,L2,2008,RML2008MC1DOOR5,"Jun 16, 2026 3:00 PM","Jun 16, 2026 3:01 PM","Jun 16, 2026 3:05 PM","Jun 17, 2026 3:37 AM",MESMNS,RSTCOOR1
WO2026-225705,CM,COMP,T2008-2C1-PF01- MC1-Door 5- Door System Major alarm (Abaya Stuck),TSM-369,L2,2008,RML2008MC1DOOR5,"Jun 15, 2026 3:10 PM","Jun 15, 2026 3:10 PM","Jun 15, 2026 3:18 PM","Jun 17, 2026 1:24 AM",MESMNS,RSTCOOR1
WO2026-226455,CM,COMP,T2009 MC2 - Door5 Major fault Alarm on RS data (without any obstruction) at 2B1_PF2; No Impact,TSM-198,L2,2009,RML2009MC2DOOR5,"Jun 16, 2026 7:36 AM","Jun 16, 2026 7:37 AM","Jun 16, 2026 7:58 AM","Jun 18, 2026 11:14 AM",MESMNS,RSTCOOR1
WO2026-225703,CM,COMP,T2009-2C1-PF1- MC2- Door 6- Door System Major alarm (Abaya Stuck),TSM-369,L2,2009,RML2009MC2DOOR6,"Jun 15, 2026 2:54 PM","Jun 15, 2026 2:54 PM","Jun 15, 2026 2:56 PM","Jun 17, 2026 3:40 AM",MESMNS,RSTCOOR1
WO2026-225722,CM,COMP,T2009-2B4-PF01- MC1-Door 5- Door System Major alarm (Abaya Stuck),TSM-369,L2,2009,RML2009MC1DOOR5,"Jun 15, 2026 5:30 PM","Jun 15, 2026 5:39 PM","Jun 15, 2026 5:46 PM","Jun 17, 2026 3:42 AM",MESMNS,RSTCOOR1
WO2026-225722,CM,COMP,T2009-2B4-PF01- MC1-Door 5- Door System Major alarm (Abaya Stuck),TSM-369,L2,2009,RML2009MC1DOOR5,"Jun 15, 2026 5:30 PM","Jun 15, 2026 5:39 PM","Jun 15, 2026 5:46 PM","Jun 17, 2026 3:42 AM",MESMNS,RSTCOOR1
WO2026-225703,CM,COMP,T2009-2C1-PF1- MC2- Door 6- Door System Major alarm (Abaya Stuck),TSM-369,L2,2009,RML2009MC2DOOR6,"Jun 15, 2026 2:54 PM","Jun 15, 2026 2:54 PM","Jun 15, 2026 2:56 PM","Jun 17, 2026 3:40 AM",MESMNS,RSTCOOR1
WO2026-226491,CM,HOLD,T2009 MC2 - Aux Major Fault Alarm on RS data at 2A1_2; train moved to WBL,TSM-198,L2,2009,RML26093,"Jun 16, 2026 11:47 AM","Jun 16, 2026 11:48 AM","Jun 16, 2026 11:51 AM",,MESMNS,RSTCOOR1
WO2026-226491,CM,HOLD,T2009 MC2 - Aux Major Fault Alarm on RS data at 2A1_2; train moved to WBL,TSM-198,L2,2009,RML26093,"Jun 16, 2026 11:47 AM","Jun 16, 2026 11:48 AM","Jun 16, 2026 11:51 AM",,MESMNS,RSTCOOR1
WO2026-226491,CM,HOLD,T2009 MC2 - Aux Major Fault Alarm on RS data at 2A1_2; train moved to WBL,TSM-198,L2,2009,RML26093,"Jun 16, 2026 11:47 AM","Jun 16, 2026 11:48 AM","Jun 16, 2026 11:51 AM",,MESMNS,RSTCOOR1
WO2026-226491,CM,HOLD,T2009 MC2 - Aux Major Fault Alarm on RS data at 2A1_2; train moved to WBL,TSM-198,L2,2009,RML26093,"Jun 16, 2026 11:47 AM","Jun 16, 2026 11:48 AM","Jun 16, 2026 11:51 AM",,MESMNS,RSTCOOR1
WO2026-226491,CM,HOLD,T2009 MC2 - Aux Major Fault Alarm on RS data at 2A1_2; train moved to WBL,TSM-198,L2,2009,RML26093,"Jun 16, 2026 11:47 AM","Jun 16, 2026 11:48 AM","Jun 16, 2026 11:51 AM",,MESMNS,RSTCOOR1
WO2026-226455,CM,COMP,T2009 MC2 - Door5 Major fault Alarm on RS data (without any obstruction) at 2B1_PF2; No Impact,TSM-198,L2,2009,RML2009MC2DOOR5,"Jun 16, 2026 7:36 AM","Jun 16, 2026 7:37 AM","Jun 16, 2026 7:58 AM","Jun 18, 2026 11:14 AM",MESMNS,RSTCOOR1
WO2026-225688,CM,COMP,T2010 MC2 - observed abnormal noise inside saloon area at 2F1_PF2,TSM-198,L2,2010,RML27997,"Jun 15, 2026 1:01 PM","Jun 15, 2026 1:01 PM","Jun 15, 2026 1:04 PM","Jun 16, 2026 7:00 PM",MESMNS,RSTCOOR1
WO2026-225688,CM,COMP,T2010 MC2 - observed abnormal noise inside saloon area at 2F1_PF2,TSM-198,L2,2010,RML27997,"Jun 15, 2026 1:01 PM","Jun 15, 2026 1:01 PM","Jun 15, 2026 1:04 PM","Jun 16, 2026 7:00 PM",MESMNS,RSTCOOR1
WO2026-228047,CM,COMP,T2011-UTO-2B42-MC2D6- Train door major fault alarm - no impact on OPS,TSM-415,L2,2011,RML2011MC2DOOR6,"Jun 18, 2026 5:20 PM","Jun 18, 2026 5:20 PM","Jun 18, 2026 5:26 PM","Jun 19, 2026 5:15 AM",MESMNS,RSTCOOR1
WO2026-228012,CM,HOLD,T2013-2C4-PF02- MC1-Door6- Door System Major alarm,TSM-369,L2,2013,RML2013MC1DOOR6,"Jun 18, 2026 12:47 PM","Jun 18, 2026 12:47 PM","Jun 18, 2026 12:56 PM",,MESMNS,RSTCOOR1
WO2026-228012,CM,HOLD,T2013-2C4-PF02- MC1-Door6- Door System Major alarm,TSM-369,L2,2013,RML2013MC1DOOR6,"Jun 18, 2026 12:47 PM","Jun 18, 2026 12:47 PM","Jun 18, 2026 12:56 PM",,MESMNS,RSTCOOR1
WO2026-228054,CM,COMP,T2015-MC-D5-Train Door Major Fault alarm on ATS at 2C1 Platform 1 (abaya stuck),TSM-329,L2,2015,RML2015MC1DOOR5,"Jun 18, 2026 6:15 PM","Jun 18, 2026 6:20 PM","Jun 18, 2026 6:21 PM","Jun 19, 2026 2:59 AM",MESMNS,RSTCOOR1
WO2026-227305,CM,COMP,T2015-MC1-D5-Train Door Major Fault alarm on ATS at 2C1 Platform 1 (abaya stuck),TSM-329,L2,2015,RML2015MC1DOOR5,"Jun 17, 2026 5:52 PM","Jun 17, 2026 5:52 PM","Jun 17, 2026 5:53 PM","Jun 18, 2026 3:20 AM",MESMNS,RSTCOOR1
WO2026-228001,CM,COMP,T2016- 2F1-- UTO- CBTC Failure- OBCU B unavailable alarm,TSM-369,L2,2016,RML32118,"Jun 18, 2026 11:53 AM","Jun 18, 2026 11:53 AM","Jun 18, 2026 11:56 AM","Jun 19, 2026 3:35 AM",MESMNS,SIGCOOR1
WO2026-227231,CM,COMP,T2016 MC2 - Door5 obstacle detection (Abaya stuck) at 2B1_PF2; Abaya cleared; No Impact,TSM-198,L2,2016,RML2016MC2DOOR5,"Jun 17, 2026 9:12 AM","Jun 17, 2026 9:12 AM","Jun 17, 2026 9:18 AM","Jun 17, 2026 12:19 PM",MESMNS,RSTCOOR1
WO2026-227255,CM,COMP,T2016 Active OBCU A- multimedia showing Red on ATS at SBL4P1,TSM-198,L2,2016,RML2016ETHLAN,"Jun 17, 2026 12:03 PM","Jun 17, 2026 12:03 PM","Jun 17, 2026 12:07 PM","Jun 18, 2026 4:12 AM",MESMNS,SIGCOOR1
WO2026-228002,CM,CLOSE,1A1-L1/PE/P/01 L1-2 SKT-3-mezzanine(line 4)-socket base came out need to fixed to the floor,NAVEEN.YELDA,L1,1A1TS0-P03,MEPG0015,"Jun 18, 2026 11:55 AM","Jun 18, 2026 11:55 AM","Jun 18, 2026 11:58 AM","Jun 19, 2026 5:55 AM",MEFMHARD,ELECFMSC
WO2026-225686,CM,CLOSE,MRIICF -1A1 Station G00-22 TRASH ROOM 7 hinges screw missing,FM-80958,L1,1A1TS0-G00-TRH01,DOOR-1,"Jun 15, 2026 12:55 PM","Jun 15, 2026 12:55 PM","Jun 15, 2026 12:56 PM","Jun 21, 2026 9:27 PM",MEFMSOFT,MEFMCSA
WO2026-225654,CM,CLOSE,MRIICF -1A1 Station Accessible Toilet Towel holder cover loose condition need to be fixed properly,FM-80958,L1,1A1TS0-G00-WCA01,INTWAL-1,"Jun 15, 2026 11:07 AM","Jun 15, 2026 11:07 AM","Jun 15, 2026 11:08 AM","Jun 15, 2026 6:47 PM",MEFMSOFT,MEFMCSA
WO2026-225672,CM,CLOSE,MRIICF -1A1 Station  G00 .15 Male staff Room Cabinet Door not closing properly need to be fixed prop,FM-80958,L1,1A1TS0-G00-SFM,FURN-1,"Jun 15, 2026 12:09 PM","Jun 15, 2026 12:09 PM","Jun 15, 2026 12:10 PM","Jun 15, 2026 7:26 PM",MEFMSOFT,MEFMCSA
WO2026-225670,CM,CLOSE,MRIICF - 1A1 Station  G00 .17 Electrical Room 13  Door stopper loose condition  need to be fixed pro,FM-80958,L1,1A1TS0-G00-ELR02,DOOR-1,"Jun 15, 2026 12:05 PM","Jun 15, 2026 12:05 PM","Jun 15, 2026 12:05 PM","Jun 15, 2026 7:21 PM",MEFMSOFT,MEFMCSA
WO2026-225669,CM,CLOSE,MRIICF -1A1 Station  G00 .19 Ventilation intake oor stopper loose condition  need to be fixed proper,FM-80958,L1,1A1TS0-G00-HVCI,DOOR-1,"Jun 15, 2026 11:59 AM","Jun 15, 2026 11:59 AM","Jun 15, 2026 12:01 PM","Jun 15, 2026 7:16 PM",MEFMSOFT,MEFMCSA
WO2026-225667,CM,CLOSE,MRIICF -1A1 Station  G00 .10 Electrical Room 12 Door handle loose condition  need to be fixed proper,FM-80958,L1,1A1TS0-G00-ELR01,DOOR-1,"Jun 15, 2026 11:55 AM","Jun 15, 2026 11:55 AM","Jun 15, 2026 11:56 AM","Jun 15, 2026 7:13 PM",MEFMSOFT,MEFMCSA
WO2026-225665,CM,CLOSE,MRIICF - 1A1 Station near by sliding door Waste bin base rubber  need to be fixed properly,FM-80958,L1,1A1DS0-P03,FURN-1,"Jun 15, 2026 11:50 AM","Jun 15, 2026 11:50 AM","Jun 15, 2026 11:51 AM","Jun 15, 2026 7:09 PM",MEFMSOFT,MEFMCSA
WO2026-225662,CM,CLOSE,MRIICF -1A1 Station PSD Room line 4 &6 P01 .41  Waste bin base rubber  need to be fixed properly,FM-80958,L1,1A1ES0-F01-SIGP,FURN-1,"Jun 15, 2026 11:45 AM","Jun 15, 2026 11:45 AM","Jun 15, 2026 11:46 AM","Jun 15, 2026 7:05 PM",MEFMSOFT,MEFMCSA
WO2026-225660,CM,CLOSE,MRIICF-1A1 Station near exit 5 skywalk monorail near exit 5 skywalk monorail Door stopper loose cond,FM-80958,L1,1A1TS0-B02-LOBENTRANCE,DOOR-1,"Jun 15, 2026 11:41 AM","Jun 15, 2026 11:41 AM","Jun 15, 2026 11:42 AM","Jun 15, 2026 7:01 PM",MEFMSOFT,MEFMCSA
WO2026-225658,CM,CLOSE,MRIICF-1A1 Station P03 Level 3 Door touch upside pipe need to be fixed properly,FM-80958,L1,1A1TS0-P03-PLAT,DOOR-1,"Jun 15, 2026 11:36 AM","Jun 15, 2026 11:36 AM","Jun 15, 2026 11:37 AM","Jun 17, 2026 9:57 AM",MEFMSOFT,MEFMCSA
WO2026-225657,CM,CLOSE,MRIICF -1A1 Station near elevator  corridor mounted magnetic touch latch Screw loose condition need,FM-80958,L1,1A1TS0-B02-ELV,DOOR-1,"Jun 15, 2026 11:31 AM","Jun 15, 2026 11:31 AM","Jun 15, 2026 11:31 AM","Jun 15, 2026 6:57 PM",MEFMSOFT,MEFMCSA
WO2026-225656,CM,CLOSE,MRIICF -1A1 Station Male Toilet  male toilet Cabinet Door  not closing properly  need to be fixed pr,FM-80958,L1,1A1TS0-B01-WCMS,FURN-1,"Jun 15, 2026 11:26 AM","Jun 15, 2026 11:26 AM","Jun 15, 2026 11:27 AM","Jun 15, 2026 6:52 PM",MEFMSOFT,MEFMCSA
WO2026-225652,CM,CLOSE,MRIICF-1A1 Station G00 .44 Building manager office  lock plate Screw loose condition need to be fixe,FM-80958,L1,1A1TS0-G00-BMR,DOOR-1,"Jun 15, 2026 10:56 AM","Jun 15, 2026 10:56 AM","Jun 15, 2026 10:57 AM","Jun 15, 2026 6:43 PM",MEFMSOFT,MEFMCSA
WO2026-226452,CM,CLOSE,1A1-Staff area-Kitchen Sink-Leakage,ABDULRAHMAN.ALZAIDI,L1,1A1TS0-B01-WCMS,MEPG0036,"Jun 16, 2026 7:24 AM","Jun 16, 2026 7:24 AM","Jun 16, 2026 7:44 AM","Jun 21, 2026 10:39 AM",MEFMHARD,MECHFMSC
WO2026-226436,CM,CLOSE,1A1-Water leakage from  sink inside staff room,0001542,L1,1A1TS0-G00-SFM,,"Jun 16, 2026 5:59 AM","Jun 16, 2026 5:59 AM","Jun 16, 2026 6:06 AM","Jun 21, 2026 11:02 AM",MEFMHARD,MECHFMSC
WO2026-226439,CM,CLOSE,1A1-Painting required for G00.46 GRG Door,0001542,L1,1A1TS0-G00-COCP,INTWAL-1,"Jun 16, 2026 5:54 AM","Jun 16, 2026 5:54 AM","Jun 16, 2026 6:11 AM","Jun 21, 2026 6:55 AM",MEFMSOFT,MEFMCSA
WO2026-225718,CM,CLOSE,1A1-Female  Wash room Drain line got blocked,SATYA.ILLA,L1,1A1TS0-G00-WCF01,MEPG0037,"Jun 15, 2026 4:51 PM","Jun 15, 2026 4:51 PM","Jun 15, 2026 5:20 PM","Jun 20, 2026 10:56 PM",MEFMHARD,MECHFMSC
WO2026-228007,CM,CLOSE,"1A1-SCSS-1A1TS0-B01-SCB-ACDW-83-Card Reader in Basement Making Continuous Buzzing Sound, Card Reader",NAVEEN.YELDA,L1,1A1TS0-B01-SBC,SC112340,"Jun 18, 2026 11:15 AM","Jun 18, 2026 11:15 AM","Jun 18, 2026 12:22 PM","Jun 20, 2026 8:42 PM",MESMNS,MEFMCSA
WO2026-228007,CM,CLOSE,"1A1-SCSS-1A1TS0-B01-SCB-ACDW-83-Card Reader in Basement Making Continuous Buzzing Sound, Card Reader",NAVEEN.YELDA,L1,1A1TS0-B01-SBC,SC112340,"Jun 18, 2026 11:15 AM","Jun 18, 2026 11:15 AM","Jun 18, 2026 12:22 PM","Jun 20, 2026 8:42 PM",MESMNS,MEFMCSA
WO2026-227338,CM,INPRG,1A1-BASEMENT 01-Wires hanging at corridor leads to basement 02,NAVEEN.YELDA,L1,1A1TS0-B02-ACR01,CELD001634,"Jun 17, 2026 7:05 PM","Jun 17, 2026 7:05 PM","Jun 17, 2026 10:20 PM",,MEFMHARD,ELECFMSC
WO2026-225574,CM,INPRG,1A1-FCU-100180 And FCU-100178 Showing fire mode and unable to reset from BMS,FM-126607,L1,1A1TS0-F04-ELV01,CMAC004293,"Jun 15, 2026 1:00 AM","Jun 15, 2026 1:00 AM","Jun 15, 2026 1:01 AM",,MEFMHARD,ELECFMSC
WO2026-227277,CM,INPRG,1A1-BMS- BMS Work station application not working.,NAVEEN.YELDA,L1,1A1TS0-G00-BMR,CJME0100370,"Jun 17, 2026 3:11 PM","Jun 17, 2026 3:11 PM","Jun 17, 2026 3:16 PM",,MEFMHARD,ELECFMSC
WO2026-225690,CM,COMP,1A1-G00-BMR-FSCADA_PA/PRE RECORDED ANNOUNCEMENT NOT WORKING,0001532,L1,1A1TS0-G00-BMR,SCPA102403,"Jun 15, 2026 12:22 PM","Jun 15, 2026 12:22 PM","Jun 15, 2026 1:25 PM","Jun 15, 2026 8:08 PM",MESMNS,COMCOOR1
WO2026-228035,CM,CLOSE,1A1-FACP-Tbl alarm-P01-N1L5-SMD-045 TRH P01.13,ABDULRAHMAN.ALZAIDI,L1,1A1TS0-G00-FCC,CFDA000089,"Jun 18, 2026 2:16 PM","Jun 18, 2026 2:16 PM","Jun 18, 2026 4:22 PM","Jun 21, 2026 3:57 AM",MEFMHARD,ELECFMSC
WO2026-225639,CM,INPRG,1A1-P01_041/PSD ROOM FCU-100025 temperature reading changing frequently,0001532,L1,1A1TS0-P01-PSD,CMAC004073,"Jun 15, 2026 7:57 AM","Jun 15, 2026 7:57 AM","Jun 15, 2026 8:26 AM",,MEFMHARD,ELECFMSC
WO2026-228031,CM,INPRG,2B4-AP Radio 2070 showing communication lost on ATS,TSM-415,L2,2B404A,SIG1004578,"Jun 18, 2026 3:50 PM","Jun 18, 2026 3:50 PM","Jun 18, 2026 3:55 PM",,MESMNS,SIGCOOR1
WO2026-226488,CM,CLOSE,2B4-Chiller 01- Minor refrigerant leakage from suction valve in circuit-B,FM-114852,L2,2B4DS0-B01-CUE,CMAC003664,"Jun 16, 2026 11:22 AM","Jun 16, 2026 11:22 AM","Jun 16, 2026 11:23 AM","Jun 18, 2026 7:17 AM",MEFMHARD,HVACFMSC
WO2026-225713,CM,CLOSE,2B4- valve leakage in the cleaning room NO 03,KHALID.ALTAMIMI,L2,2B4DS0-B05-CLR01,MEPG1399,"Jun 15, 2026 4:34 PM","Jun 15, 2026 4:34 PM","Jun 15, 2026 4:40 PM","Jun 16, 2026 10:37 AM",MEFMHARD,MECHFMSC
WO2026-227278,CM,INPRG,2B4-Concourse Level-CORR06-B05.034-CRID 35 is Not Working Normally from Outside.,0000893,L2,2B4DS0-B05-CORR06,SCC002197,"Jun 17, 2026 2:57 PM","Jun 17, 2026 2:57 PM","Jun 17, 2026 3:21 PM",,MESMNS,MEFMHARD
WO2026-225694,CM,CLOSE,2B4-Concourse-Elevator 5 is faulty showing speed drive fault,MUDASSAR.RASHEED,L2,2B4DS0-B05-P03,CMLF000113,"Jun 15, 2026 1:44 PM","Jun 15, 2026 1:44 PM","Jun 15, 2026 1:48 PM","Jun 16, 2026 8:45 AM",MEFMHARD,MECHFMSC
WO2026-227323,CM,COMP,2B4-PF1 PID#5 (MSD105)-Physically showing BLANK screen,0000772,L2,2B4DS0-P03-PLAT01,SCC001880,"Jun 17, 2026 9:20 PM","Jun 17, 2026 9:20 PM","Jun 17, 2026 9:25 PM","Jun 18, 2026 5:40 AM",MESMNS,COMCOOR1
WO2026-227214,CM,CLOSE,2A1-East side male Washroom Water leakage from Washbasin,VENKATA.KOMATIPALLI,L2,2A1ES0,MEPG1164,"Jun 17, 2026 7:13 AM","Jun 17, 2026 7:13 AM","Jun 17, 2026 7:26 AM","Jun 22, 2026 9:01 AM",MEFMHARD,MECHFMSC
WO2026-225700,CM,CLOSE,2A1-Ahu-07 Return Fan not working,FM-135119,L2,2A1ES0-B02-HVR01,CMAC002140,"Jun 15, 2026 2:43 PM","Jun 15, 2026 2:43 PM","Jun 15, 2026 2:44 PM","Jun 17, 2026 11:49 AM",MEFMHARD,HVACFMSC
WO2026-226485,CM,CLOSE,2A1-Multiple FCU s connected to HCU 19 are having HIGH temparature,VENKATA.KOMATIPALLI,L2,2A1ES0-F01-ACR06,CMAC002228,"Jun 16, 2026 9:19 AM","Jun 16, 2026 9:19 AM","Jun 16, 2026 11:12 AM","Jun 17, 2026 1:36 PM",MEFMHARD,HVACFMSC
WO2026-225589,CM,COMP,SCSS-2A1ES0-F01-COM01-ACWM-2 battery backup not working,TSM-168,L2,2A1ES0-F01-COM01,SC100115,"Jun 15, 2026 12:34 AM","Jun 15, 2026 12:34 AM","Jun 15, 2026 4:11 AM","Jun 16, 2026 1:54 PM",MESMNS,COMCOOR1
WO2026-227959,CM,CLOSE,2A3 -TOR2-Scokets no power supply RP 1B-09-SKT-02 AND ERP-2B-3-SKT-02,RAMAKRISHNA.KAPARTHY,L2,2A3SS0-G00-TOR01,MEPG1237,"Jun 18, 2026 6:51 AM","Jun 18, 2026 6:51 AM","Jun 18, 2026 6:54 AM","Jun 19, 2026 10:11 PM",MEFMHARD,ELECFMSC
WO2026-225763,CM,CLOSE,2A3-ELV2- EAST SIDE SHWING FAULTE,SULTAN.AIFAN,L2,2A3SS0-G00-ENT01,CMLF000098,"Jun 15, 2026 9:35 PM","Jun 15, 2026 9:35 PM","Jun 15, 2026 9:37 PM","Jun 16, 2026 10:59 AM",MEFMHARD,MECHFMSC
WO2026-227219,CM,CLOSE,2A3-Elevator-02 showing faulty.,RAMU.SIGURU,L2,2A3SS0-P01-G00,CMLF000098,"Jun 17, 2026 8:06 AM","Jun 17, 2026 8:06 AM","Jun 17, 2026 8:10 AM","Jun 17, 2026 12:01 PM",MEFMHARD,MECHFMSC
WO2026-227315,CM,COMP,2B1-Elevator 2- camera is not working and showing lost connection,MUDASSAR.RASHEED,L2,2B1SS0-P02-ELV02,SC100634,"Jun 17, 2026 7:27 PM","Jun 17, 2026 7:27 PM","Jun 17, 2026 7:33 PM","Jun 18, 2026 7:23 PM",MESMNS,COMCOOR1
WO2026-227227,CM,CLOSE,2B1-PDX 02 & PDX 04- NOT WORKING - SIGP High Temp,0000585,L2,2B1SS0-P02-HVR02,CMAC003516,"Jun 17, 2026 8:58 AM","Jun 17, 2026 8:58 AM","Jun 17, 2026 9:09 AM","Jun 17, 2026 12:18 PM",MEFMHARD,HVACFMSC
WO2026-227284,CM,CLOSE,2C2-Platform level- (No entry staff only) Falls off from door  P01.07,OSAMA.ALOSAIMI,L2,2C2AS0-P02-CORR05,DOOR-6,"Jun 17, 2026 4:03 PM","Jun 17, 2026 4:03 PM","Jun 17, 2026 4:23 PM","Jun 18, 2026 3:20 AM",MEFMSOFT,MEFMCSA
WO2026-227241,CM,INPRG,"2C2 -CBS Workstation not working - CBS is working fine, but workstation data is not showing",FM-114852,L2,2C2AS0-B01-SMR,CELD001203,"Jun 17, 2026 9:46 AM","Jun 17, 2026 9:46 AM","Jun 17, 2026 9:49 AM",,MEFMHARD,ELECFMSC
WO2026-227986,CM,CLOSE,2C2-Under PF -WC Female Door Handle loosen,0000590,L2,2C2AS0-B01-WCF,DOOR-6,"Jun 18, 2026 9:42 AM","Jun 18, 2026 9:42 AM","Jun 18, 2026 10:26 AM","Jun 18, 2026 12:40 PM",MEFMCSA,MEFMCSA
WO2026-226513,CM,CLOSE,2D2 BAT Room P02-11 - High temperature 24c,TSM-198,L2,2D2SS0-P02-BAT,CMAC003048,"Jun 16, 2026 1:49 PM","Jun 16, 2026 1:49 PM","Jun 16, 2026 1:58 PM","Jun 17, 2026 1:57 PM",MEFMHARD,HVACFMSC
WO2026-225712,CM,COMP,2D2- PF01-Train automatic announcement for PF1 not playing-,0000590,L2,2D2SS0-P02-SMR,SD100209,"Jun 15, 2026 4:14 PM","Jun 15, 2026 4:14 PM","Jun 15, 2026 4:37 PM","Jun 16, 2026 2:04 PM",MESMNS,COMCOOR1
WO2026-225723,CM,COMP,2D2 -SMR- FACP-CONTINUES PAVA TROUBLE BLINKING,0000590,L2,2D2SS0-P02-SMR,CFDA000075,"Jun 15, 2026 5:53 PM","Jun 15, 2026 5:53 PM","Jun 15, 2026 6:12 PM","Jun 16, 2026 1:57 PM",MESMNS,COMCOOR1
WO2026-226515,CM,CLOSE,2D2 UPS Room P02-10 - High temperature 28c,TSM-198,L2,2D2SS0-P02-UPS,CMAC003044,"Jun 16, 2026 1:48 PM","Jun 16, 2026 1:48 PM","Jun 16, 2026 2:02 PM","Jun 16, 2026 10:50 PM",MEFMHARD,HVACFMSC
WO2026-226454,CM,CLOSE,2D2-PLATFORM LEVEL-Male washroom- water is coming from sink continuously,0000301,L2,2D2SS0-P02-WCM,MEPG1638,"Jun 16, 2026 7:16 AM","Jun 16, 2026 7:16 AM","Jun 16, 2026 7:53 AM","Jun 19, 2026 11:16 AM",MEFMHARD,MECHFMSC
WO2026-227188,CM,COMP,2E1 1-TES 01 Asset tag is not available,SAEED.ALQAHTANI,L2,2E1SS0-P01-PLAT,SIGC010007,"Jun 17, 2026 3:14 AM","Jun 17, 2026 3:14 AM","Jun 17, 2026 5:25 AM","Jun 22, 2026 7:33 AM",MESMNS,SIGCOOR1
WO2026-228048,CM,COMP,T2012-UTO-2E11-MC2D6- Train door major fault alarm - no impact on OPS,TSM-415,L2,2012,RML2012MC2DOOR6,"Jun 18, 2026 5:37 PM","Jun 18, 2026 5:37 PM","Jun 18, 2026 5:40 PM","Jun 19, 2026 2:55 AM",MESMNS,RSTCOOR1
WO2026-226458,CM,COMP,T2012 MC2- Saloon temperature high 25c at 2G1_2 Insertion,TSM-198,L2,2012,RML28914,"Jun 16, 2026 8:26 AM","Jun 16, 2026 8:26 AM","Jun 16, 2026 8:29 AM","Jun 18, 2026 1:39 PM",MESMNS,RSTCOOR1
WO2026-226458,CM,COMP,T2012 MC2- Saloon temperature high 25c at 2G1_2 Insertion,TSM-198,L2,2012,RML28914,"Jun 16, 2026 8:26 AM","Jun 16, 2026 8:26 AM","Jun 16, 2026 8:29 AM","Jun 18, 2026 1:39 PM",MESMNS,RSTCOOR1
WO2026-225628,CM,COMP,1B3/2B2-Domestic water very dirty in all wash rooms.,0001146,L2,2B2TS0-P01-WCW01,MEPG1352,"Jun 15, 2026 6:44 AM","Jun 15, 2026 6:44 AM","Jun 15, 2026 6:56 AM","Jun 15, 2026 1:57 PM",MEFMHARD,MECHFMSC
WO2026-225732,CM,WMATL,2B2DSO-B01-N5L1-MM-140-SFTE01 B01-18-BPS- Getting continuous trouble alarm in FACP,ANIL.KONETI,L2,2B2DS0,CFDA000231,"Jun 15, 2026 6:49 PM","Jun 15, 2026 6:49 PM","Jun 15, 2026 7:12 PM",,MEFMHARD,ELECFMSC
WO2026-227955,CM,CLOSE,1B3/2B2-Line2-PF2-Minor water leakage from the drinking water fountain,0001169,L2,2B2TS0-P03-WCM01,MEPG1354,"Jun 18, 2026 6:20 AM","Jun 18, 2026 6:20 AM","Jun 18, 2026 6:26 AM","Jun 18, 2026 12:15 PM",MEFMHARD,MECHFMSC
WO2026-227205,CM,COMP,2A3SS0-B04-COMT -PAS ZON003 - ASL PAVA Amp Frame001 AMP05 Line Open Circuit_B Alarm on FSCADA,TSM-198,L2,2A3SS0-B04-COMT,SCPA100451,"Jun 17, 2026 6:35 AM","Jun 17, 2026 6:35 AM","Jun 17, 2026 6:38 AM","Jun 21, 2026 9:47 PM",MESMNS,COMCOOR1
WO2026-225635,CM,CLOSE,1J2PR-Lights- lights are flashing on the ground level and first level are switching on and off,0000324,L1,"1J2PR0-
G00",MEPG1000,"Jun 15, 2026 7:51 AM","Jun 15, 2026 7:51 AM","Jun 15, 2026 7:58 AM","Jun 17, 2026 8:57 AM",MEFMHARD,ELECFMSC
WO2026-226399,CM,CLOSE,1J2 PRO - Lighting - P&R Lights fluctuating,0001102,L1,1J2PR0,MEPG1000,"Jun 16, 2026 1:53 AM","Jun 16, 2026 1:53 AM","Jun 16, 2026 1:55 AM","Jun 17, 2026 8:52 AM",MEFMHARD,ELECFMSC
WO2026-227271,CM,COMP,1J2-ACID-F01-COCP01-CARE-27A isn't working after tapping access card and door not opening,0000324,L1,1J2ES0-F01-COCP01,SC119448,"Jun 17, 2026 2:03 PM","Jun 17, 2026 2:03 PM","Jun 17, 2026 2:18 PM","Jun 17, 2026 8:25 PM",MESMNS,COMCOOR1
WO2026-225782,CM,COMP,1J2-Intercom-SCTL-1J2ES0-F01-ELV01-INT-025 Need Intercom labelling for Intercom of Elevator 3.,TSM-332,L1,1J2ES0-F01-COCP01,SC119551,"Jun 15, 2026 11:51 PM","Jun 15, 2026 11:51 PM","Jun 15, 2026 11:55 PM","Jun 16, 2026 1:08 PM",MESMNS,COMCOOR1
WO2026-226432,CM,COMP,1J2 - Intercom - F SCADA Showing outgoing call for ELV 01 INT 025(False Alarm),0001102,L1,1J2ES0-F01-COCP01,SC119551,"Jun 16, 2026 5:39 AM","Jun 16, 2026 5:39 AM","Jun 16, 2026 5:51 AM","Jun 16, 2026 1:21 PM",MESMNS,COMCOOR1
WO2026-225717,CM,CLOSE,1J2PR0-DXU34-COMT Room DXU 34 is not working & Filter alarm in BMS WS & High temperature of 40 degre,0001125,L1,1J2ES0-F01-CORR01,CMAC005136,"Jun 15, 2026 3:58 PM","Jun 15, 2026 3:58 PM","Jun 15, 2026 5:15 PM","Jun 16, 2026 8:27 PM",MEFMHARD,HVACFMSC
WO2026-227264,CM,CLOSE,"1J2-Light sensor in female staff room isn't working properly, turning off after 30 seconds",0000324,L1,1J2ES0-F01-SFF,MEPG1000,"Jun 17, 2026 1:38 PM","Jun 17, 2026 1:38 PM","Jun 17, 2026 1:43 PM","Jun 18, 2026 3:52 AM",MEFMHARD,ELECFMSC
WO2026-227954,CM,CLOSE,1J2- dometic water- Jet spray leaking in North male washroom.,0001122,L1,1J2ES0-F01-WCM01,MEPG1030,"Jun 18, 2026 6:18 AM","Jun 18, 2026 6:18 AM","Jun 18, 2026 6:23 AM","Jun 20, 2026 4:07 PM",MEFMHARD,MECHFMSC
WO2026-225764,CM,COMP,1J2-Escalator-ESC10005- Some part of skirt lighting is not working for Escalator.,0001125,L1,1J2ES0-G00-B01,CMES000440,"Jun 15, 2026 9:33 PM","Jun 15, 2026 9:33 PM","Jun 15, 2026 9:45 PM","Jun 16, 2026 9:52 AM",MEFMHARD,BACSMC
WO2026-226447,CM,CLOSE,1J2 - Sliding Door - Exit 03 Sliding Door Lock not engaging PB 07,0001102,L1,1J2ES0-G00-ENT03,AGSD0221,"Jun 16, 2026 6:55 AM","Jun 16, 2026 6:55 AM","Jun 16, 2026 7:00 AM","Jun 20, 2026 12:28 PM",MEFMHARD,MECHFMSC
WO2026-225650,CM,COMP,"1J2-ENT04-Sliding Door-PB6 Door is NOT getting lock in Eng. hrs as per timetable, SOM locking w Key",0000324,L1,1J2ES0-G00-ENT04,AGSD0222,"Jun 15, 2026 10:23 AM","Jun 15, 2026 10:23 AM","Jun 15, 2026 10:39 AM","Jun 18, 2026 5:40 AM",MEFMHARD,COMCOOR1
WO2026-225650,CM,COMP,"1J2-ENT04-Sliding Door-PB6 Door is NOT getting lock in Eng. hrs as per timetable, SOM locking w Key",0000324,L1,1J2ES0-G00-ENT04,AGSD0222,"Jun 15, 2026 10:23 AM","Jun 15, 2026 10:23 AM","Jun 15, 2026 10:39 AM","Jun 18, 2026 5:40 AM",MEFMHARD,COMCOOR1
WO2026-225611,CM,CLOSE,1J2-MEZZANINE NORTHSIDE ELV#2- EXIT#2 CANNOT OPEN FROM L&E,0000259,L1,1J2ES0-G00-F01,CMLF000245,"Jun 15, 2026 3:49 AM","Jun 15, 2026 3:49 AM","Jun 15, 2026 5:45 AM","Jun 15, 2026 11:24 AM",MEFMHARD,MECHFMSC
WO2026-226545,CM,CLOSE,1J2PR-Generator-01 showing collective fault in FSCADA,UDAYKIRAN.UBBAPALLI,L1,1J2PR0,REL1002743,"Jun 16, 2026 5:55 PM","Jun 16, 2026 5:55 PM","Jun 16, 2026 7:17 PM","Jun 18, 2026 3:29 PM",MEFMHARD,ELECFMSC
WO2026-225716,CM,CLOSE,1J2PR0-DXU01-Entry Booth -Outdoor unit of DXU01 is not working. High Temperatures  inside Entry,0001125,L1,1J2PR0,CMAC011654,"Jun 15, 2026 4:36 PM","Jun 15, 2026 4:36 PM","Jun 15, 2026 5:10 PM","Jun 16, 2026 8:32 PM",MEFMHARD,HVACFMSC
WO2026-227198,CM,CLOSE,1J2 PRO - Generator - BMS Showing Generator Summary Alarm & Leakage Near Day Tank alarm,0001102,L1,1J2PR0,REL1002743,"Jun 17, 2026 5:49 AM","Jun 17, 2026 5:49 AM","Jun 17, 2026 6:06 AM","Jun 18, 2026 12:08 AM",MEFMHARD,ELECFMSC
WO2026-225741,CM,CLOSE,1J2PR0-DXU04-Exit Booth -DXU04 of Exit Middle booth is not working. High Temperatures  inside Exit B,0001125,L1,1J2PR0-F02-LOB04,CMAC011110,"Jun 15, 2026 5:20 PM","Jun 15, 2026 5:20 PM","Jun 15, 2026 7:56 PM","Jun 18, 2026 5:50 PM",MEFMHARD,HVACFMSC
WO2026-225671,CM,CLOSE,1J2PR-DXU 05 isn't cooling although temp set to 25,0000324,L1,1J2PR0-G00-GEN,CMAC011042,"Jun 15, 2026 10:48 AM","Jun 15, 2026 10:48 AM","Jun 15, 2026 12:06 PM","Jun 18, 2026 5:42 PM",MEFMHARD,HVACFMSC
WO2026-225725,CM,CLOSE,1H2-Due to overheat Fire alarm activated.,0000254,L1,1H2ES0-G01-ESCL02,,"Jun 15, 2026 5:00 PM","Jun 15, 2026 5:00 PM","Jun 15, 2026 6:38 PM","Jun 16, 2026 2:00 AM",MEFMHARD,ELECFMSC
WO2026-227923,CM,CLOSE,"1H2 - Cleaning - Pump Room Floor dirty , cleaning needed",0001102,L1,1H2ES0-B01-DWP,INTFLR-32,"Jun 18, 2026 3:29 AM","Jun 18, 2026 3:29 AM","Jun 18, 2026 3:57 AM","Jun 19, 2026 4:28 AM",MEFMSOFT,SSFMSC
WO2026-225605,CM,CLOSE,"1H2 - Hand Spary - South Male washroom Hand Spray water leakage , washroom in out of service",0001102,L1,1H2ES0-F01-WCM02,MEPG0936,"Jun 15, 2026 4:28 AM","Jun 15, 2026 4:28 AM","Jun 15, 2026 5:02 AM","Jun 17, 2026 4:20 PM",MEFMHARD,MECHFMSC
WO2026-227204,CM,CLOSE,1H2PR-2ND FLOOR-ROW01-WALL-Detached gasket rubber for the parking pole,0001411,L1,1H2PR0,INTWAL-32,"Jun 17, 2026 6:20 AM","Jun 17, 2026 6:20 AM","Jun 17, 2026 6:36 AM","Jun 17, 2026 11:19 AM",MEFMSOFT,MEFMCSA
WO2026-227998,CM,INPRG,1H2 Walk way bridge lights working without control ( 24hours),FM-127413,L1,1H2ES0-P02-WLKW01,MEPG0906,"Jun 18, 2026 11:46 AM","Jun 18, 2026 11:46 AM","Jun 18, 2026 11:47 AM",,MEFMHARD,ELECFMSC
WO2026-227934,CM,CLOSE,1H2 - Door - South Female washroom Door Handle faulty,0001102,L1,1H2ES0-F01-WCF01,DOOR-32,"Jun 18, 2026 4:25 AM","Jun 18, 2026 4:25 AM","Jun 18, 2026 4:56 AM","Jun 21, 2026 8:03 PM",MEFMSOFT,MEFMCSA
WO2026-227940,CM,COMP,1H2 - Telephone - Open Stage Xpert not working,TSM-332,L1,1H2ES0-F01-SMR,SC118297,"Jun 18, 2026 5:20 AM","Jun 18, 2026 5:20 AM","Jun 18, 2026 5:27 AM","Jun 18, 2026 12:36 PM",MESMNS,COMCOOR1
WO2026-227174,CM,COMP,1H2-ENT03-ESC03-Skirt guard lighting not working properly on the lower landing,0001411,L1,1H2ES0-G00-B01,CMES000414,"Jun 17, 2026 3:05 AM","Jun 17, 2026 3:05 AM","Jun 17, 2026 3:21 AM","Jun 17, 2026 9:51 AM",MEFMHARD,BACSMC
WO2026-227175,CM,COMP,1H2-ENT03-ESC04-Skirt guard lighting not working properly near the upper landing,0001411,L1,1H2ES0-G00-B01,CMES000415,"Jun 17, 2026 3:13 AM","Jun 17, 2026 3:13 AM","Jun 17, 2026 3:25 AM","Jun 17, 2026 9:56 AM",MEFMHARD,BACSMC
WO2026-227978,CM,CLOSE,1H2 - Platform 1 Sliding Door - North Side Sliding Door protection Rubber(cover) is detached conditi,0001162,L1,1H2ES0-P02-PLAT01,AGSD0150,"Jun 18, 2026 9:43 AM","Jun 18, 2026 9:43 AM","Jun 18, 2026 9:54 AM","Jun 21, 2026 1:13 PM",MEFMHARD,MECHFMSC
WO2026-226576,CM,CLOSE,1G1-Barrier-Barrier at upper landing area of Escalator 8 is loose & needs to be fixed properly.,0001125,L1,1G1ES0-F01-ESC03,BAR/BOL -31,"Jun 16, 2026 8:53 PM","Jun 16, 2026 8:53 PM","Jun 16, 2026 9:54 PM","Jun 20, 2026 7:47 PM",MEFMSOFT,MEFMCSA
WO2026-225738,CM,CLOSE,MRIICF 1G1 Station pillar External pillar no -1-307,FM-80958,L1,1G1000,EXTWAL-31,"Jun 15, 2026 7:47 PM","Jun 15, 2026 7:47 PM","Jun 15, 2026 7:49 PM","Jun 17, 2026 11:42 AM",MEFMSOFT,MEFMCSA
WO2026-225742,CM,CLOSE,MRIICF 1G1 Station  External pillar no -1-281,FM-80958,L1,1G104V,EXTWAL-31,"Jun 15, 2026 7:56 PM","Jun 15, 2026 7:56 PM","Jun 15, 2026 7:57 PM","Jun 17, 2026 11:47 AM",MEFMSOFT,MEFMCSA
WO2026-225739,CM,CLOSE,MRIICF 1G1 Station External pillar no -1-302,FM-80958,L1,1G1000-1G103V,EXTWAL-31,"Jun 15, 2026 7:52 PM","Jun 15, 2026 7:52 PM","Jun 15, 2026 7:53 PM","Jun 17, 2026 11:45 AM",MEFMSOFT,MEFMCSA
WO2026-225714,CM,CLOSE,"1G1-Male washroom hand soap dispenser not working, south side.",0001103,L1,1G1ES0-F01-WCM01,MEPG0839,"Jun 15, 2026 4:12 PM","Jun 15, 2026 4:12 PM","Jun 15, 2026 4:52 PM","Jun 19, 2026 12:08 AM",MEFMHARD,MECHFMSC
WO2026-225729,CM,CLOSE,1G1-HVAC-FDXU 1.1 is notworking .,0001103,L1,1G1ES0-B01-GEN,CMAC004678,"Jun 15, 2026 4:46 PM","Jun 15, 2026 4:46 PM","Jun 15, 2026 6:59 PM","Jun 16, 2026 2:06 AM",MEFMHARD,ELECFMSC
WO2026-225640,CM,COMP,1G1-SCPI-1G1ESO-F01 NORTH CONCOURSE NO DISPLAY - C0CP02-PID-28,0000353,L1,1G1ES0-F01-COCP02,SD104565,"Jun 15, 2026 7:53 AM","Jun 15, 2026 7:53 AM","Jun 15, 2026 8:26 AM","Jun 15, 2026 12:25 PM",MESMNS,COMCOOR1
WO2026-225603,CM,CLOSE,1G1 AHU-006 AIR HANDLING UNIT - GENERAL ALARM ACTIVE TEF-003 TWIN EXHAUST FAN,0000326,L1,1G1ES0-F01-HVR01,CMAC004627,"Jun 15, 2026 3:33 AM","Jun 15, 2026 3:33 AM","Jun 15, 2026 4:42 AM","Jun 18, 2026 4:34 AM",MEFMHARD,ELECFMSC
WO2026-226457,CM,CLOSE,1G1-AHU 04 Supply fan CMD OFF and both Supply and Return showing more than 30 degrees in BMS,0001416,L1,1G1ES0-F01-HVR01,CMAC004625,"Jun 16, 2026 7:51 AM","Jun 16, 2026 7:51 AM","Jun 16, 2026 8:07 AM","Jun 18, 2026 4:30 AM",MEFMHARD,ELECFMSC
WO2026-226419,CM,INPRG,1G1-HVR room north side - DXU split AC19.2 blower is faulty,0000326,L1,1G1ES0-F01-HVR02,CMAC004668,"Jun 16, 2026 4:31 AM","Jun 16, 2026 4:31 AM","Jun 16, 2026 5:07 AM",,MEFMHARD,HVACFMSC
WO2026-226524,CM,INPRG,1E2-B02.010  Emergency exit corridor-04 no lights working,0001173,L1,1E2DS0-B02-STR03,MEPG0577,"Jun 16, 2026 2:52 PM","Jun 16, 2026 2:52 PM","Jun 16, 2026 3:11 PM",,MEFMHARD,ELECFMSC
WO2026-225697,CM,CLOSE,1E2-EXIT-1-Near stairs-Socket cover need to be fixed properly.,0001206,L1,1E2DS0-G00-ENT01,MEPG0579,"Jun 15, 2026 1:48 PM","Jun 15, 2026 1:48 PM","Jun 15, 2026 1:59 PM","Jun 20, 2026 8:05 AM",MEFMHARD,ELECFMSC
WO2026-228004,CM,INPRG,1E2-External lights working without control (24hours),FM-127413,L1,1E2DS0-G00-ENT01,MEPG0577,"Jun 18, 2026 12:05 PM","Jun 18, 2026 12:05 PM","Jun 18, 2026 12:06 PM",,MEFMHARD,ELECFMSC
WO2026-227941,CM,CLOSE,1E2-Signage-B05-Stair 1 exit signage light not working.,SANDIP.GHOLAP,L1,1E2DS0-B02-STR1,MEPG0575,"Jun 18, 2026 5:22 AM","Jun 18, 2026 5:22 AM","Jun 18, 2026 5:44 AM","Jun 22, 2026 9:30 AM",MEFMHARD,ELECFMSC
WO2026-226512,CM,CLOSE,1E2- Exit-1 level-Escalator-100003 abnormal sound,0001173,L1,1E2DS0-B03-G00,CMES000600,"Jun 16, 2026 1:33 PM","Jun 16, 2026 1:33 PM","Jun 16, 2026 1:50 PM","Jun 17, 2026 8:14 AM",MEFMHARD,MECHFMSC
WO2026-225701,CM,CLOSE,1E2-B03.085-HVAC Room2-AHU4-Abnormal noise from return air handling unit.,0001206,L1,1E2DS0-B03-HVR02,CMAC006684,"Jun 15, 2026 2:22 PM","Jun 15, 2026 2:22 PM","Jun 15, 2026 2:53 PM","Jun 19, 2026 10:20 AM",MEFMHARD,HVACFMSC
WO2026-225733,CM,INPRG,1E2-PRET Retail store roller shutter is not working,RAVITEJA.GADIDESHI,L1,1E2DS0-B03-RTL,FSH0096,"Jun 15, 2026 6:02 PM","Jun 15, 2026 6:02 PM","Jun 15, 2026 7:21 PM",,MEFMHARD,MECHFMSC
WO2026-226421,CM,CLOSE,1E2-FCU- Heavy sound from FCU grill at exit 02,0001158,L1,1E2DS0-G00-ENT01,CMAC006837,"Jun 16, 2026 5:02 AM","Jun 16, 2026 5:02 AM","Jun 16, 2026 5:10 AM","Jun 19, 2026 10:48 AM",MEFMHARD,HVACFMSC
WO2026-227229,CM,CLOSE,1E2-EXIT-2 Sliding door-10 not opening in any mode Even with Acid also not opening,0001173,L1,1E2DS0-G00-ENT01,AGSD0133,"Jun 17, 2026 8:37 AM","Jun 17, 2026 8:37 AM","Jun 17, 2026 9:12 AM","Jun 21, 2026 8:33 PM",MEFMHARD,MECHFMSC
WO2026-226420,CM,CLOSE,1E2: Entrances are showing high temperature in BMS,FM-121321,L1,1E2DS0-G00-ENT02,CMAC006834,"Jun 16, 2026 5:06 AM","Jun 16, 2026 5:06 AM","Jun 16, 2026 5:09 AM","Jun 19, 2026 12:10 AM",MEFMHARD,HVACFMSC
WO2026-226490,CM,CLOSE,1E2-Concourse level-Elevator-100104 Display not working,0001173,L1,1E2DS0-P06-B03,CMLF000375,"Jun 16, 2026 11:26 AM","Jun 16, 2026 11:26 AM","Jun 16, 2026 11:35 AM","Jun 16, 2026 4:44 PM",MEFMHARD,MECHFMSC
WO2026-225756,CM,CLOSE,1E2-B03-N2L4-MCD-018 ELV05-ELV-100104 SFT Maint alert act monitor alarm showing in MFACP,RAVITEJA.GADIDESHI,L1,1E2DS0-P06-SMR,CFDA000167,"Jun 15, 2026 6:04 PM","Jun 15, 2026 6:04 PM","Jun 15, 2026 9:07 PM","Jun 17, 2026 5:44 AM",MEFMHARD,ELECFMSC
WO2026-227246,CM,COMP,L1_CCR_1E2DSO_UW01_Station Control Simatic disturb alarm in PSCADA,TSM-333,L1,1E2DS0-P06-SST,REL1001902,"Jun 17, 2026 10:28 AM","Jun 17, 2026 11:02 AM","Jun 17, 2026 11:09 AM","Jun 20, 2026 11:01 AM",MESMNS,RELCOOR1
WO2026-228045,CM,INPRG,1B2DS0-External Lights working without control (24HOURS),0001412,L1,1B2DS0-G00-ENT01,MEPG0154,"Jun 18, 2026 5:13 PM","Jun 18, 2026 5:13 PM","Jun 18, 2026 5:21 PM",,MEFMHARD,ELECFMSC
WO2026-227224,CM,CLOSE,1B2_Door handle need fix properly for the CORR02(P06.014) door.,BHASKARAPRASD.JOGI,L1,1B2DS0-P06-CORR02,DOOR-15,"Jun 17, 2026 8:03 AM","Jun 17, 2026 8:03 AM","Jun 17, 2026 8:56 AM","Jun 18, 2026 3:08 AM",MEFMSOFT,MEFMCSA
WO2026-225710,CM,COMP,L1-1B2DS0-SCSS-B03-COCU01-CARE-54a is not working for swing gate,0001412,L1,1B2DS0-B03-COCU01,SCC121962,"Jun 15, 2026 3:44 PM","Jun 15, 2026 3:44 PM","Jun 15, 2026 4:28 PM","Jun 15, 2026 8:19 PM",MESMNS,COMCOOR1
WO2026-225356,CM,COMP,1B2-Concourse-Side door near AFC gates-CARE-54b-Not closing most of the times.,TSM-332,L1,1B2DS0-B03-COCU01,SCC121963,"Jun 15, 2026 12:28 AM","Jun 15, 2026 12:28 AM","Jun 15, 2026 12:30 AM","Jun 15, 2026 3:56 AM",MESMNS,COMCOOR1
WO2026-226547,CM,CLOSE,L1-1B2DS0-SCSS-B03-C0CU01-CARE-54a is faulty,0001412,L1,1B2DS0-B03-COCU01,SCC121962,"Jun 16, 2026 7:30 PM","Jun 16, 2026 7:30 PM","Jun 16, 2026 7:52 PM","Jun 18, 2026 2:54 AM",MESMNS,MEFMCSA
WO2026-226547,CM,CLOSE,L1-1B2DS0-SCSS-B03-C0CU01-CARE-54a is faulty,0001412,L1,1B2DS0-B03-COCU01,SCC121962,"Jun 16, 2026 7:30 PM","Jun 16, 2026 7:30 PM","Jun 16, 2026 7:52 PM","Jun 18, 2026 2:54 AM",MESMNS,MEFMCSA
WO2026-226450,CM,CLOSE,1B2-Sliding Door-Exit-02 PB -13 Sliding door is not working unable to open manually,0001169,L1,1B2DS0-G00-ENT01,AGSD0090,"Jun 16, 2026 7:20 AM","Jun 16, 2026 7:20 AM","Jun 16, 2026 7:38 AM","Jun 22, 2026 9:58 AM",MEFMHARD,MECHFMSC
WO2026-226578,CM,COMP,L1-1B2DS0-PID  13 above MSD-201  is faulty,0001412,L1,1B2DS0-P06-PLAT02,SD111598,"Jun 16, 2026 9:55 PM","Jun 16, 2026 9:55 PM","Jun 16, 2026 9:59 PM","Jun 17, 2026 12:28 PM",MESMNS,COMCOOR1
WO2026-226578,CM,COMP,L1-1B2DS0-PID  13 above MSD-201  is faulty,0001412,L1,1B2DS0-P06-PLAT02,SD111598,"Jun 16, 2026 9:55 PM","Jun 16, 2026 9:55 PM","Jun 16, 2026 9:59 PM","Jun 17, 2026 12:28 PM",MESMNS,COMCOOR1
WO2026-226530,CM,CLOSE,"1B2 - All chillers and chilled water pumps are running in Local mode , as the chiller is frequently",FM-145309,L1,1B2DS0-P06-SMR,CTVE010170,"Jun 16, 2026 3:45 PM","Jun 16, 2026 3:45 PM","Jun 16, 2026 3:49 PM","Jun 17, 2026 8:10 PM",MEFMHARD,ELECFMSC
WO2026-226533,CM,CLOSE,1B3/2B2-MALE STAFF WASHROOM FLOOR DRAINAGE BLOCKED.,0001526,L1,1B3TS0-P04-WCMS,MEPG0227,"Jun 16, 2026 4:02 PM","Jun 16, 2026 4:02 PM","Jun 16, 2026 4:28 PM","Jun 18, 2026 9:21 AM",MEFMHARD,MECHFMSC
WO2026-226528,CM,CLOSE,1B3/2B2-King Fahad platform-Accessible male washroom-Drainage floor is blocked,0001526,L1,1B3TS0-P04-WCMS,MEPG0227,"Jun 16, 2026 3:27 PM","Jun 16, 2026 3:27 PM","Jun 16, 2026 3:37 PM","Jun 17, 2026 10:16 AM",MEFMHARD,MECHFMSC
WO2026-226408,CM,INPRG,"1B3-During TVS testing, abnormal mode behavior was observed for Congestion Mode-11&12.",0001146,L1,1B3TS0,,"Jun 16, 2026 3:44 AM","Jun 16, 2026 3:44 AM","Jun 16, 2026 3:57 AM",,MEFMHARD,MECHFMSC
WO2026-226408,CM,INPRG,"1B3-During TVS testing, abnormal mode behavior was observed for Congestion Mode-11&12.",0001146,L1,1B3TS0,,"Jun 16, 2026 3:44 AM","Jun 16, 2026 3:44 AM","Jun 16, 2026 3:57 AM",,MEFMHARD,MECHFMSC
WO2026-225620,CM,CLOSE,1B3-Platform 2 SIG and PSD room 01 door is not closing properly.,0001146,L1,1B3TS0-P01,DOOR-22,"Jun 15, 2026 5:33 AM","Jun 15, 2026 5:33 AM","Jun 15, 2026 6:03 AM","Jun 16, 2026 7:01 AM",MEFMSOFT,MEFMCSA
WO2026-227260,CM,INPRG,1B3-2B2-Water leakage in line 02 Platform 01 from Air conditioning Room P01-028,GOVARDHAN.PARMKUSAM,L1,1B3TS0-P04-ACR03,MEPG0224,"Jun 17, 2026 1:02 PM","Jun 17, 2026 1:02 PM","Jun 17, 2026 1:04 PM",,MEFMHARD,MECHFMSC
WO2026-227967,CM,INPRG,1B3 L2- KING SAUD PLATFORM–* Drinking Fountain: Bio Logic tube lamp found defective.,FM-127413,L1,1B3TS0-P01,MEPG0228,"Jun 18, 2026 8:11 AM","Jun 18, 2026 8:11 AM","Jun 18, 2026 8:13 AM",,MEFMHARD,MECHFMSC
WO2026-226440,CM,COMP,1B3-MCB-002 Power distribution cabinet-MCB Trip in FSCADA.,0001146,L1,1B3TS0-P04-COMT01,SC101219,"Jun 16, 2026 5:52 AM","Jun 16, 2026 5:52 AM","Jun 16, 2026 6:17 AM","Jun 17, 2026 3:28 AM",MESMNS,COMCOOR1
WO2026-225619,CM,CLOSE,1B3-Platform 2 LPS 01 door 22 closing fast.Need to adjust.,0001146,L1,1B3TS0-P04-LPS01,DOOR-22,"Jun 15, 2026 5:26 AM","Jun 15, 2026 5:26 AM","Jun 15, 2026 6:00 AM","Jun 18, 2026 12:43 PM",MEFMSOFT,MEFMCSA
WO2026-225619,CM,CLOSE,1B3-Platform 2 LPS 01 door 22 closing fast.Need to adjust.,0001146,L1,1B3TS0-P04-LPS01,DOOR-22,"Jun 15, 2026 5:26 AM","Jun 15, 2026 5:26 AM","Jun 15, 2026 6:00 AM","Jun 18, 2026 12:43 PM",MEFMSOFT,MEFMCSA
WO2026-225612,CM,COMP,1B3-ESC 100005 Bottom skirt light not glowing partially.,0001146,L1,1B3TS0-P04-P03,CMES000677,"Jun 15, 2026 5:41 AM","Jun 15, 2026 5:41 AM","Jun 15, 2026 5:47 AM","Jun 19, 2026 9:28 AM",MEFMHARD,BACSMC
WO2026-226442,CM,COMP,1B3-Wrong CCTV popup observed while operating the intercom from platforms.,0001146,L1,1B3TS0-P04-PLAT01,SC100740,"Jun 16, 2026 6:19 AM","Jun 16, 2026 6:19 AM","Jun 16, 2026 6:29 AM","Jun 16, 2026 8:19 PM",MESMNS,COMCOOR1
WO2026-227316,CM,INPRG,1B3- FCU-10 female staff Room (Motor Damaged),0001390,L1,1B3TS0-P04-SFTM02,CMAC008333,"Jun 17, 2026 7:24 PM","Jun 17, 2026 7:24 PM","Jun 17, 2026 7:36 PM",,MEFMHARD,HVACFMSC
WO2026-227975,CM,CLOSE,1C1-EXIT-2-Canopy ceiling lights- Inner and outer side multiple lights not working,0001394,L1,1C1DS0-G00-ENT02,MEPG0295,"Jun 18, 2026 9:34 AM","Jun 18, 2026 9:34 AM","Jun 18, 2026 9:48 AM","Jun 19, 2026 12:13 AM",MEFMHARD,ELECFMSC
WO2026-225623,CM,CLOSE,1C1- lighting not working in toilet signage at concourse lever,0001118,L1,1C1DS0-B03,MEPG0295,"Jun 15, 2026 5:47 AM","Jun 15, 2026 5:47 AM","Jun 15, 2026 6:14 AM","Jun 16, 2026 3:00 AM",MEFMHARD,ELECFMSC
WO2026-225627,CM,CLOSE,1C1- B03.019 Ventilation Electrical room-3 light not glowing.,0001118,L1,1C1DS0-B03-VER01,MEPG0295,"Jun 15, 2026 6:08 AM","Jun 15, 2026 6:08 AM","Jun 15, 2026 6:21 AM","Jun 16, 2026 3:05 AM",MEFMHARD,ELECFMSC
WO2026-228013,CM,CLOSE,1C1-P06-009 PSD room- one tube light not working,0001394,L1,1C1DS0-P06-SIGP,MEPG0295,"Jun 18, 2026 12:42 PM","Jun 18, 2026 12:42 PM","Jun 18, 2026 1:19 PM","Jun 22, 2026 1:38 AM",MEFMHARD,ELECFMSC
WO2026-228024,CM,CLOSE,1C1-Exit-2 Power sockets-PP04-L1/1-SKT-1 and SKT-2 not working,0001394,L1,1C1DS0-G00-ENT02,MEPG0297,"Jun 18, 2026 1:52 PM","Jun 18, 2026 1:52 PM","Jun 18, 2026 2:06 PM","Jun 19, 2026 12:00 AM",MEFMHARD,ELECFMSC
WO2026-227976,CM,CLOSE,1C1-EXIT-3-Canopy ceiling lights- Inner and outer side multiple lights  are dim status,0001394,L1,1C1DS0-G00-ENT03,MEPG0295,"Jun 18, 2026 9:41 AM","Jun 18, 2026 9:41 AM","Jun 18, 2026 9:50 AM","Jun 18, 2026 11:56 PM",MEFMHARD,ELECFMSC
WO2026-225630,CM,CLOSE,1C1- Light not working near B03.148 stair-12,0001118,L1,1C1DS0-B02-STR07,MEPG0295,"Jun 15, 2026 6:28 AM","Jun 15, 2026 6:28 AM","Jun 15, 2026 7:11 AM","Jun 16, 2026 3:07 AM",MEFMHARD,ELECFMSC
WO2026-226600,CM,INPRG,1C1-BMS WS-CMAC-1C1DS0-B03-183 ELV04-CHW-FCU96-Return temperature readings not showing,0001160,L1,1C1DS0-B03-ELV07,CMAC004593,"Jun 16, 2026 10:17 PM","Jun 16, 2026 10:17 PM","Jun 16, 2026 11:54 PM",,MEFMHARD,ELECFMSC
WO2026-225624,CM,COMP,1c1- SCSS-1C1DS0.B030 ECUP03-CARE-50 door not opening with EAC card.,0001118,L1,1C1DS0-B03-EUCP03,SC113027,"Jun 15, 2026 5:59 AM","Jun 15, 2026 5:59 AM","Jun 15, 2026 6:15 AM","Jun 15, 2026 1:26 PM",MESMNS,COMCOOR1
WO2026-225631,CM,COMP,1C1- EscalatorESC-100001 skirt light not working.,0001118,L1,1C1DS0-B03-G00,CMES000349,"Jun 15, 2026 6:42 AM","Jun 15, 2026 6:42 AM","Jun 15, 2026 7:15 AM","Jun 15, 2026 1:42 PM",MEFMHARD,BACSMC
WO2026-227988,CM,COMP,1C1-BMS-AHU-02-Bag filter showing dirty alarm,0001394,L1,1C1DS0-B03-HVR01,CMAC004431,"Jun 18, 2026 10:24 AM","Jun 18, 2026 10:24 AM","Jun 18, 2026 10:30 AM","Jun 20, 2026 12:32 PM",MEFMHARD,HVACFMSC
WO2026-206842,PM,CLOSE,Weekly Inspection and Off Load Run Test of standby Generator,MAXADMIN,L1,1C1DS0,CELD001665,"Jun 18, 2026 11:17 AM","Jun 18, 2026 11:17 AM","Jun 18, 2026 11:42 AM","Jun 19, 2026 12:07 AM",MEFMHARD,ELECFMSC
WO2026-227990,CM,CLOSE,1C1-BMS-MDB1 and EMDB1 KWH reading mismatch and Reset KWH initial value for each metre alarm,0001394,L1,1C1DS0-B04-MDB,CELD001665,"Jun 18, 2026 10:28 AM","Jun 18, 2026 10:28 AM","Jun 18, 2026 10:39 AM","Jun 19, 2026 9:14 PM",MEFMHARD,ELECFMSC
WO2026-227997,CM,CLOSE,1C1-BMS-critical alarm-current unbalance alarm at MDB01,0001394,L1,1C1DS0-B04-MDB,CELD001665,"Jun 18, 2026 11:17 AM","Jun 18, 2026 11:17 AM","Jun 18, 2026 11:42 AM","Jun 19, 2026 12:07 AM",MEFMHARD,ELECFMSC
WO2026-206857,PM,CLOSE,Weekly Inspection and Testing of Emergency Lighting Fixture - Station / Depot,MAXADMIN,L1,1C1SH0,CELD001665,"Jun 18, 2026 11:17 AM","Jun 18, 2026 11:17 AM","Jun 18, 2026 11:42 AM","Jun 19, 2026 12:07 AM",MEFMHARD,ELECFMSC
WO2026-206844,PM,CLOSE,Weekly Inspection and Testing of Emergency Lighting Fixture - Station / Depot,MAXADMIN,L1,1C1DS0,CELD001665,"Jun 18, 2026 11:17 AM","Jun 18, 2026 11:17 AM","Jun 18, 2026 11:42 AM","Jun 19, 2026 12:07 AM",MEFMHARD,ELECFMSC
WO2026-226596,CM,CLOSE,1C1-BMS WS-CMAC-1C1DS0-B04-003 TVE01-CHW-FCU17 having fan fail alarm,0001160,L1,1C1DS0-B04-TVE01,CMAC004526,"Jun 16, 2026 10:19 PM","Jun 16, 2026 10:19 PM","Jun 16, 2026 11:41 PM","Jun 20, 2026 12:48 PM",MEFMHARD,HVACFMSC
WO2026-226469,CM,APPR,1C1-Sliding door at Exit-01 (PB-2) not working,0001396,L1,1C1DS0-G00-ENT02,AGSD0098,"Jun 16, 2026 9:31 AM","Jun 16, 2026 9:31 AM","Jun 16, 2026 9:42 AM",,MEFMHARD,MECHFMSC
WO2026-228022,CM,INPRG,L1_1A1 KAFD_Fire alarm triggered_B02-N3L9-MM-157 EX-FP-2A PUMP RUN  Device: LVL1_N3L9_MM157_PUMP-RUN,0000282,L1,1A1TS0-B02-FFP01,,"Jun 18, 2026 1:47 PM","Jun 18, 2026 1:47 PM","Jun 18, 2026 2:00 PM",,MEFMHARD,MECHFMSC
WO2026-227973,CM,CLOSE,1C1-SMR-MFACP-Trouble ACT-B07-HED-010-ELV-103-PIT,0001394,L1,1C1DS0-P06-B03,CMLF000193,"Jun 18, 2026 9:38 AM","Jun 18, 2026 9:38 AM","Jun 18, 2026 9:43 AM","Jun 21, 2026 3:42 AM",MEFMHARD,ELECFMSC
WO2026-228006,CM,COMP,1C1-Elevator 102-Concourse level Call button not working(Not following the logic),0001394,L1,1C1DS0-P06-B03,CMLF000192,"Jun 18, 2026 12:07 PM","Jun 18, 2026 12:07 PM","Jun 18, 2026 12:14 PM","Jun 18, 2026 3:55 PM",MEFMHARD,BACSMC
WO2026-227994,CM,CLOSE,1C1-MDB02 room-DXU-41 showing error alarm-unable to start,0001394,L1,1C1DS0-P06-MDB02,CMAC004498,"Jun 18, 2026 11:11 AM","Jun 18, 2026 11:11 AM","Jun 18, 2026 11:24 AM","Jun 19, 2026 1:16 AM",MEFMHARD,ELECFMSC
WO2026-228078,CM,COMP,1C1-BMS WS-CMAC-1C1DS0-P06-SIGP-PDX-13 having dirty filter alarm active,0001160,L1,1C1DS0-P06-SIGP,CMAC004452,"Jun 18, 2026 10:18 PM","Jun 18, 2026 10:18 PM","Jun 18, 2026 11:39 PM","Jun 21, 2026 12:29 PM",MEFMHARD,HVACFMSC
WO2026-227320,CM,CLOSE,1C1-MFACP-Superviosry act-1C1-B03-N2L4-MM-172 ASP6-T ECUP-05 alarm available,0001160,L1,1C1DS0-P06-SMR,MEPG0300,"Jun 17, 2026 7:52 PM","Jun 17, 2026 7:52 PM","Jun 17, 2026 9:01 PM","Jun 21, 2026 4:17 AM",MEFMHARD,ELECFMSC
WO2026-227952,CM,CLOSE,1C2-COMMON TRBL ACT 1C2-B02-N3L2-CC2-205-CORR-02 B02-13 NAC-1 in MFACP.,0001146,L1,1C2DS0-B02-CORR02,CFDA000144,"Jun 18, 2026 6:06 AM","Jun 18, 2026 6:06 AM","Jun 18, 2026 6:14 AM","Jun 20, 2026 3:33 AM",MEFMHARD,ELECFMSC
WO2026-227953,CM,CLOSE,1C2-COMMON TRBL ACT 1C2-B03-N2L9-FI-001-COCU01 B03-054 in MFACP.,0001146,L1,1C2DS0-B03-COCU01,CFDA000144,"Jun 18, 2026 6:13 AM","Jun 18, 2026 6:13 AM","Jun 18, 2026 6:19 AM","Jun 20, 2026 2:18 AM",MEFMHARD,ELECFMSC
WO2026-226501,CM,INPRG,1C2-Chiller 2 circuit A one condenser fan motor grounded.,FM-127413,L1,1C2DS0-B03-CUE,CMAC006491,"Jun 16, 2026 12:27 PM","Jun 16, 2026 12:27 PM","Jun 16, 2026 12:30 PM",,MEFMHARD,HVACFMSC
WO2026-227210,CM,COMP,1C2-ETE 100105 One light is not glowing.,0001146,L1,1C2DS0-B03-ELV05,CMLF000797,"Jun 17, 2026 6:38 AM","Jun 17, 2026 6:38 AM","Jun 17, 2026 6:57 AM","Jun 17, 2026 4:56 PM",MEFMHARD,BACSMC
WO2026-225608,CM,CLOSE,1C2-Escalator-100004 is not working.,SANDEEP.TELU,L1,1C2DS0-B03-G00,CMES000565,"Jun 15, 2026 5:21 AM","Jun 15, 2026 5:21 AM","Jun 15, 2026 5:29 AM","Jun 15, 2026 9:55 AM",MEFMHARD,MECHFMSC
WO2026-228036,CM,INPRG,1C2-AHU-03-Freash Air Damper open 100%,FM-144395,L1,1C2DS0-B03-HVR01,CMAC006481,"Jun 18, 2026 4:25 PM","Jun 18, 2026 4:25 PM","Jun 18, 2026 4:29 PM",,MEFMHARD,ELECFMSC
WO2026-227930,CM,CLOSE,1C2-Both PDX's in COMT not working and temperature is increasing.,0001146,L1,1C2DS0-P06-COMT,CMAC006499,"Jun 18, 2026 2:33 AM","Jun 18, 2026 2:33 AM","Jun 18, 2026 4:47 AM","Jun 18, 2026 8:55 AM",MEFMHARD,MECHFMSC
WO2026-227950,CM,COMP,1C2-MONITOR ACTIVE-B03-N2L6-MM-142 FAN-24(D0S) Alarm in MFACP.,0001146,L1,1C2DS0-P06-SMR,CFDA000144,"Jun 18, 2026 5:50 AM","Jun 18, 2026 5:50 AM","Jun 18, 2026 6:09 AM","Jun 20, 2026 11:36 AM",MEFMHARD,HVACFMSC
WO2026-227951,CM,CLOSE,1C2-MONITOR ACTIVE-B03-N3L3-MM-170 (FAN-19-DPS) Alarm in MFACP.,0001146,L1,1C2DS0-P06-SMR,CFDA000144,"Jun 18, 2026 5:56 AM","Jun 18, 2026 5:56 AM","Jun 18, 2026 6:11 AM","Jun 20, 2026 2:32 AM",MEFMHARD,ELECFMSC
WO2026-227950,CM,COMP,1C2-MONITOR ACTIVE-B03-N2L6-MM-142 FAN-24(D0S) Alarm in MFACP.,0001146,L1,1C2DS0-P06-SMR,CFDA000144,"Jun 18, 2026 5:50 AM","Jun 18, 2026 5:50 AM","Jun 18, 2026 6:09 AM","Jun 20, 2026 11:36 AM",MEFMHARD,HVACFMSC
WO2026-228034,CM,CLOSE,1F8-G00-Door handle is faulty for Mechanical riser 24 Room(00.466),RAVITEJA.GADIDESHI,L1,1F8DS0-G00-SFTM11,DOOR-25,"Jun 18, 2026 3:34 PM","Jun 18, 2026 3:34 PM","Jun 18, 2026 4:08 PM","Jun 19, 2026 11:58 AM",MEFMSOFT,MEFMCSA
WO2026-226509,CM,INPRG,1F8-G00-419 Fire Damper Not Working inside Transformer room 2.1,KIRAN.MANE,L1,1F8DS0-G00-CORR19,MEPG0731,"Jun 16, 2026 1:12 PM","Jun 16, 2026 1:12 PM","Jun 16, 2026 1:20 PM",,MEFMHARD,HVACFMSC
WO2026-226510,CM,CLOSE,1F8-All Transformer room Indoor-Outdoor damper communication malfunction,KIRAN.MANE,L1,1F8DS0-G00-TRAA01,MEPG0731,"Jun 16, 2026 1:18 PM","Jun 16, 2026 1:18 PM","Jun 16, 2026 1:27 PM","Jun 18, 2026 4:23 AM",MEFMHARD,ELECFMSC
WO2026-225754,CM,CLOSE,"1F8-Cockroaches available in Female staffroom and TOR, need pest control intervention",JAI.BACANGARI,L1,1F8DS0-B02-SFF,INTFLR-25,"Jun 15, 2026 3:34 PM","Jun 15, 2026 3:34 PM","Jun 15, 2026 8:56 PM","Jun 16, 2026 9:17 AM",MEFMSOFT,SSFMSC
WO2026-225726,CM,CLOSE,L1_1F8_Fire alarm activated_ Transformer Room 2.1,0000345,L1,1F8DS0,,"Jun 15, 2026 6:06 PM","Jun 15, 2026 6:06 PM","Jun 15, 2026 6:46 PM","Jun 16, 2026 9:43 AM",MEFMHARD,MECHFMSC
WO2026-228040,CM,CLOSE,1F8-Rubber gasket for door came out for stair 4(P03.750),RAVITEJA.GADIDESHI,L1,1F8DS0-P03-STR04,DOOR-25,"Jun 18, 2026 3:35 PM","Jun 18, 2026 3:35 PM","Jun 18, 2026 4:42 PM","Jun 19, 2026 11:52 AM",MEFMSOFT,MEFMCSA
WO2026-227206,CM,CLOSE,1F8-AHU-05 is not working,0001165,L1,1F8DS0-B02-HVR01,CMAC005812,"Jun 17, 2026 6:21 AM","Jun 17, 2026 6:21 AM","Jun 17, 2026 6:39 AM","Jun 17, 2026 2:35 PM",MEFMHARD,HVACFMSC
WO2026-226492,CM,CLOSE,"1F8-Transformer room 1.1, 1.2, 2.2  Space air monitor reading not showing more than 35 degrees",KIRAN.MANE,L1,1F8DS0-B02-HVR02,CJME0100940,"Jun 16, 2026 11:44 AM","Jun 16, 2026 11:44 AM","Jun 16, 2026 11:52 AM","Jun 18, 2026 4:02 AM",MEFMHARD,ELECFMSC
WO2026-226407,CM,CLOSE,1F8-AHU-02 is not working,0001165,L1,1F8DS0-F01-HVR01,CMAC005809,"Jun 16, 2026 3:48 AM","Jun 16, 2026 3:48 AM","Jun 16, 2026 3:54 AM","Jun 16, 2026 6:05 PM",MEFMHARD,HVACFMSC
WO2026-225606,CM,INPRG,1F8-DXU-113-ARUN100LTH4 outdoor condenser fan motor abnormal sound and Fan blade broken,0001165,L1,1F8DS0-F02-CUE,CMAC005850,"Jun 15, 2026 5:00 AM","Jun 15, 2026 5:00 AM","Jun 15, 2026 5:17 AM",,MEFMHARD,HVACFMSC
WO2026-225606,CM,INPRG,1F8-DXU-113-ARUN100LTH4 outdoor condenser fan motor abnormal sound and Fan blade broken,0001165,L1,1F8DS0-F02-CUE,CMAC005850,"Jun 15, 2026 5:00 AM","Jun 15, 2026 5:00 AM","Jun 15, 2026 5:17 AM",,MEFMHARD,HVACFMSC
WO2026-227166,CM,CLOSE,1F8 - Secondary pump CHWP-05 Trip alarm active on BMS.,0001165,L1,1F8DS0-F02-CWP,CMAC005821,"Jun 17, 2026 1:52 AM","Jun 17, 2026 1:52 AM","Jun 17, 2026 2:26 AM","Jun 21, 2026 12:07 AM",MEFMHARD,HVACFMSC
WO2026-225613,CM,COMP,1F8-SCSS-1F8DS0-G00-COM05-ACWM-4 Sabotage/Tamper Detected alarm on FSCADA,0001165,L1,1F8DS0-G00-COM05,SC116528,"Jun 15, 2026 5:43 AM","Jun 15, 2026 5:43 AM","Jun 15, 2026 5:49 AM","Jun 15, 2026 7:55 PM",MESMNS,COMCOOR1
WO2026-225698,CM,CLOSE,"1F8-DXU-31,11,53,54 Power supply not available",KIRAN.MANE,L1,1F8DS0-G00-ECUP02,CELD002690,"Jun 15, 2026 1:51 PM","Jun 15, 2026 1:51 PM","Jun 15, 2026 2:03 PM","Jun 22, 2026 2:36 AM",MEFMHARD,ELECFMSC
WO2026-225698,CM,CLOSE,"1F8-DXU-31,11,53,54 Power supply not available",KIRAN.MANE,L1,1F8DS0-G00-ECUP02,CELD002690,"Jun 15, 2026 1:51 PM","Jun 15, 2026 1:51 PM","Jun 15, 2026 2:03 PM","Jun 22, 2026 2:36 AM",MEFMHARD,ELECFMSC
WO2026-226470,CM,CLOSE,1F8-DCP-07-TSR-22 Space air monitor reading not showing more than 35 degree,KIRAN.MANE,L1,1F8DS0-G00-EMDB,CJME0100935,"Jun 16, 2026 9:53 AM","Jun 16, 2026 9:53 AM","Jun 16, 2026 9:59 AM","Jun 18, 2026 4:10 AM",MEFMHARD,ELECFMSC
WO2026-227184,CM,INPRG,1F8-Transformer room 00-419 DXU-36 indoor PCB faulty.,0001165,L1,1F8DS0-G00-TRAA02,CMAC005885,"Jun 17, 2026 4:18 AM","Jun 17, 2026 4:18 AM","Jun 17, 2026 4:56 AM",,MEFMHARD,HVACFMSC
WO2026-226406,CM,CLOSE,1F8-DXU-35 & DXU-36 not working physically on site,0001165,L1,1F8DS0-G00-TRAA02,CMAC005884,"Jun 16, 2026 3:19 AM","Jun 16, 2026 3:19 AM","Jun 16, 2026 3:30 AM","Jun 16, 2026 5:52 PM",MEFMHARD,HVACFMSC
WO2026-227184,CM,INPRG,1F8-Transformer room 00-419 DXU-36 indoor PCB faulty.,0001165,L1,1F8DS0-G00-TRAA02,CMAC005885,"Jun 17, 2026 4:18 AM","Jun 17, 2026 4:18 AM","Jun 17, 2026 4:56 AM",,MEFMHARD,HVACFMSC
WO2026-227989,CM,INPRG,1F8-  Need to change FECP Panel location from Transformer 2.1 to outside,FM-127413,L1,1F8DS0-G00-TRAA04,CFSU002034,"Jun 18, 2026 10:35 AM","Jun 18, 2026 10:35 AM","Jun 18, 2026 10:36 AM",,MEFMHARD,MECHFMSC
WO2026-226460,CM,CLOSE,1F9- Female washroom sink tap is broken,0000789,L1,1F9ES0-F01-WCF,MEPG0792,"Jun 16, 2026 8:04 AM","Jun 16, 2026 8:04 AM","Jun 16, 2026 8:32 AM","Jun 20, 2026 11:55 PM",MEFMHARD,MECHFMSC
WO2026-225744,CM,CLOSE,MRIICF 1F9 Station  External pillar no -1-259,FM-80958,L1,1F9000-1F901V,EXTWAL-21,"Jun 15, 2026 8:00 PM","Jun 15, 2026 8:00 PM","Jun 15, 2026 8:02 PM","Jun 16, 2026 1:39 PM",MEFMSOFT,MEFMCSA
WO2026-225751,CM,CLOSE,MRIICF 1F9 Station  External pillar no -1-265,FM-80958,L1,1F9ES0-G00-OUT,EXTWAL-21,"Jun 15, 2026 8:19 PM","Jun 15, 2026 8:19 PM","Jun 15, 2026 8:20 PM","Jun 16, 2026 1:49 PM",MEFMSOFT,MEFMCSA
WO2026-225749,CM,CLOSE,MRIICF 1F9Station  External pillar no -1-264,FM-80958,L1,1F9ES0-F01-OUT,EXTWAL-21,"Jun 15, 2026 8:16 PM","Jun 15, 2026 8:16 PM","Jun 15, 2026 8:17 PM","Jun 16, 2026 1:47 PM",MEFMSOFT,MEFMCSA
WO2026-225748,CM,CLOSE,MRIICF 1F9 Station  External pillar no -1-262,FM-80958,L1,1F9000,EXTWAL-21,"Jun 15, 2026 8:12 PM","Jun 15, 2026 8:12 PM","Jun 15, 2026 8:13 PM","Jun 16, 2026 1:45 PM",MEFMSOFT,MEFMCSA
WO2026-225746,CM,CLOSE,MRIICF 1F9 Station  External pillar no -1-260,FM-80958,L1,1F900P,EXTWAL-21,"Jun 15, 2026 8:09 PM","Jun 15, 2026 8:09 PM","Jun 15, 2026 8:10 PM","Jun 16, 2026 1:43 PM",MEFMSOFT,MEFMCSA
WO2026-225745,CM,CLOSE,MRIICF 1F9 Station  External pillar no -1-261,FM-80958,L1,1F9000-1F902V,EXTWAL-21,"Jun 15, 2026 8:06 PM","Jun 15, 2026 8:06 PM","Jun 15, 2026 8:07 PM","Jun 16, 2026 1:41 PM",MEFMSOFT,MEFMCSA
WO2026-225684,CM,CLOSE,MRIICF- 1F9 F01-A139 AIR CONDESING ROOM 10 door stopper damaged,FM-80958,L1,1F9ES0-F01-ACR01,DOOR-21,"Jun 15, 2026 12:51 PM","Jun 15, 2026 12:51 PM","Jun 15, 2026 12:52 PM","Jun 16, 2026 6:11 PM",MEFMSOFT,MEFMCSA
WO2026-227190,CM,CLOSE,1F9-PF01-1 broken and misaligned tile near MSD 110.Needs silicon,0001415,L1,1F9ES0-P01,INTFLR-21,"Jun 17, 2026 5:06 AM","Jun 17, 2026 5:06 AM","Jun 17, 2026 5:36 AM","Jun 21, 2026 6:30 AM",MEFMSOFT,MEFMCSA
WO2026-227193,CM,CLOSE,"1F9-Tap in Female Washroom loose,detached",0001415,L1,1F9ES0-F01-WCF,MEPG0792,"Jun 17, 2026 5:10 AM","Jun 17, 2026 5:10 AM","Jun 17, 2026 5:50 AM","Jun 21, 2026 12:00 AM",MEFMHARD,MECHFMSC
WO2026-226465,CM,CLOSE,1F9- Male washroom sink drain is leaking,0000789,L1,1F9ES0-F01-WCM,MEPG0792,"Jun 16, 2026 9:09 AM","Jun 16, 2026 9:09 AM","Jun 16, 2026 9:24 AM","Jun 20, 2026 11:39 PM",MEFMHARD,MECHFMSC
WO2026-226579,CM,CLOSE,1F9-Sump pump B01-SEP-SP 1.1/1.2 trip alarm frequently appearing on FSCADA& High level alarms in.BMS,0001198,L1,1F9ES0-B01-SEP,CP00000742,"Jun 16, 2026 9:54 PM","Jun 16, 2026 9:54 PM","Jun 16, 2026 10:01 PM","Jun 17, 2026 8:06 PM",MEFMHARD,ELECFMSC
WO2026-227937,CM,COMP,1F9-Emergency Glass door-F01-COCP-MNDR-24b having a beeping sound and showing red on ACID WKS,0001415,L1,1F9ES0-F01-COCP,SC116954,"Jun 18, 2026 4:40 AM","Jun 18, 2026 4:40 AM","Jun 18, 2026 5:04 AM","Jun 18, 2026 9:36 PM",MESMNS,COMCOOR1
WO2026-227248,CM,CLOSE,1F9-F01-SFT-CDX-01.2 SPLIT UNIT NOT WORKING IN FEMALE STAFF ROOM,0000789,L1,1F9ES0-F01-SFT,CMAC006060,"Jun 17, 2026 11:04 AM","Jun 17, 2026 11:04 AM","Jun 17, 2026 11:13 AM","Jun 21, 2026 12:14 AM",MEFMHARD,HVACFMSC
WO2026-227248,CM,CLOSE,1F9-F01-SFT-CDX-01.2 SPLIT UNIT NOT WORKING IN FEMALE STAFF ROOM,0000789,L1,1F9ES0-F01-SFT,CMAC006060,"Jun 17, 2026 11:04 AM","Jun 17, 2026 11:04 AM","Jun 17, 2026 11:13 AM","Jun 21, 2026 12:14 AM",MEFMHARD,HVACFMSC
WO2026-228073,CM,COMP,1F9-In ELEVATOR 1 3 PASSENGERS GOT STUCK AT CONCOURSE LEVEL,0001198,L1,1F9ES0-G00-F01,CMLF000322,"Jun 18, 2026 10:37 PM","Jun 18, 2026 10:37 PM","Jun 18, 2026 11:09 PM","Jun 19, 2026 8:31 AM",MEFMHARD,BACSMC
WO2026-225675,CM,CLOSE,MRIICF -1G2 Station  Male Washroom  Door lock was getting stucked due to screw,FM-80958,L1,1G2ES0-F01-WCM01,DOOR-23,"Jun 15, 2026 12:21 PM","Jun 15, 2026 12:21 PM","Jun 15, 2026 12:21 PM","Jun 17, 2026 11:59 AM",MEFMSOFT,MEFMCSA
WO2026-225682,CM,CLOSE,MRIICF -1G2 Station concourse level  barriers were in loose condition,FM-80958,L1,1G2ES0-F01-COCP01,BAR/BOL -23,"Jun 15, 2026 12:42 PM","Jun 15, 2026 12:42 PM","Jun 15, 2026 12:42 PM","Jun 17, 2026 12:18 PM",MEFMSOFT,MEFMCSA
WO2026-225680,CM,CLOSE,MRIICF -1G2 Station Beside Female washroom Door handle is in detached condition,FM-80958,L1,1G2ES0-F01-WCF01,DOOR-23,"Jun 15, 2026 12:38 PM","Jun 15, 2026 12:38 PM","Jun 15, 2026 12:38 PM","Jun 17, 2026 12:15 PM",MEFMSOFT,MEFMCSA
WO2026-225679,CM,CLOSE,MRIICF -1G2 Station staff room male chair was in loose condition,FM-80958,L1,1G2ES0-F01-SFM,FURN-23,"Jun 15, 2026 12:34 PM","Jun 15, 2026 12:34 PM","Jun 15, 2026 12:35 PM","Jun 17, 2026 12:13 PM",MEFMSOFT,MEFMCSA
WO2026-225678,CM,CLOSE,MRIICF -1G2 Station staff room male Door screw plate was in loose condition,FM-80958,L1,1G2ES0-F01-SFM,DOOR-23,"Jun 15, 2026 12:30 PM","Jun 15, 2026 12:30 PM","Jun 15, 2026 12:30 PM","Jun 17, 2026 12:09 PM",MEFMSOFT,MEFMCSA
WO2026-225677,CM,CLOSE,MRIICF -1G2 Station  swing gate Door is not getting lock showing red indication,FM-80958,L1,1G2ES0-F01-COCP01,DOOR-23,"Jun 15, 2026 12:25 PM","Jun 15, 2026 12:25 PM","Jun 15, 2026 12:26 PM","Jun 17, 2026 12:04 PM",MEFMSOFT,MEFMCSA
WO2026-226398,CM,INPRG,1G2-BMS-AHU 07-Supply and Return CMD OFF.AHU 07 OFF,0001415,L1,1G2ES0-B01-HVR,CMAC006238,"Jun 16, 2026 1:42 AM","Jun 16, 2026 1:42 AM","Jun 16, 2026 1:53 AM",,MEFMHARD,ELECFMSC
WO2026-226397,CM,CLOSE,"1G2-CMC F01-A107_2/CMC-FCU 21.2 OFF,Room Very Hot",0001415,L1,1G2ES0-F01-CMC,CMAC006368,"Jun 16, 2026 1:38 AM","Jun 16, 2026 1:38 AM","Jun 16, 2026 1:46 AM","Jun 19, 2026 10:32 AM",MEFMHARD,HVACFMSC
WO2026-225696,CM,COMP,1G2-PID 28 North Concourse time and date freeze in screen  and showing Lost communication in FSCADA,0001416,L1,1G2ES0-F01-COCP02,SD104513,"Jun 15, 2026 1:38 PM","Jun 15, 2026 1:38 PM","Jun 15, 2026 1:56 PM","Jun 16, 2026 1:19 AM",MESMNS,COMCOOR1
WO2026-226410,CM,COMP,1G2-EXIT 03-ETE 003-INTERCOM 043 Not Connecting-Out of Service,0001415,L1,1G2ES0-G00-F01,SC117837,"Jun 16, 2026 4:27 AM","Jun 16, 2026 4:27 AM","Jun 16, 2026 4:33 AM","Jun 17, 2026 2:54 PM",MESMNS,COMCOOR1
WO2026-226410,CM,COMP,1G2-EXIT 03-ETE 003-INTERCOM 043 Not Connecting-Out of Service,0001415,L1,1G2ES0-G00-F01,SC117837,"Jun 16, 2026 4:27 AM","Jun 16, 2026 4:27 AM","Jun 16, 2026 4:33 AM","Jun 17, 2026 2:54 PM",MESMNS,COMCOOR1
WO2026-226410,CM,COMP,1G2-EXIT 03-ETE 003-INTERCOM 043 Not Connecting-Out of Service,0001415,L1,1G2ES0-G00-F01,SC117837,"Jun 16, 2026 4:27 AM","Jun 16, 2026 4:27 AM","Jun 16, 2026 4:33 AM","Jun 17, 2026 2:54 PM",MESMNS,COMCOOR1
WO2026-226449,CM,CLOSE,1G2 - AHU 4 having Compressor 3 is on tripped status.,FM-127413,L1,1G2ES0-F01-HVR,CMAC006235,"Jun 16, 2026 7:36 AM","Jun 16, 2026 7:36 AM","Jun 16, 2026 7:37 AM","Jun 19, 2026 11:08 AM",MEFMHARD,HVACFMSC
WO2026-225636,CM,CLOSE,1G2-AHU01 Compressor 1 trip and general alarm in BMS,0001416,L1,1G2ES0-F01-HVR,CMAC006232,"Jun 15, 2026 7:34 AM","Jun 15, 2026 7:34 AM","Jun 15, 2026 8:02 AM","Jun 19, 2026 10:26 AM",MEFMHARD,HVACFMSC
WO2026-227176,CM,CLOSE,1G2 - ESC100011 Showing Fault in L&E Monitoring.,0000344,L1,1G2ES0-F01-P02,CMES000536,"Jun 17, 2026 3:21 AM","Jun 17, 2026 3:21 AM","Jun 17, 2026 3:27 AM","Jun 17, 2026 8:37 AM",MEFMHARD,MECHFMSC
WO2026-227957,CM,CLOSE,1G2_EXIT01_Socket_Wall sockets have no power. HK Staff need power to manage station cleaning.,0001411,L1,1G2ES0-G00-ENT01,MEPG0861,"Jun 18, 2026 6:30 AM","Jun 18, 2026 6:30 AM","Jun 18, 2026 6:42 AM","Jun 22, 2026 2:41 AM",MEFMHARD,ELECFMSC
WO2026-225730,CM,CLOSE,1G2-ETE100001 Closing Door attempts exceeded fault appeared on L&E and physically also not working.,0001177,L1,1G2ES0-G00-F01,CMLF000334,"Jun 15, 2026 6:58 PM","Jun 15, 2026 6:58 PM","Jun 15, 2026 7:08 PM","Jun 15, 2026 10:12 PM",MEFMHARD,MECHFMSC
WO2026-226483,CM,COMP,1G2-Elevator 01 Lift operation button at concourse level not working.,0001174,L1,1G2ES0-G00-F01,CMLF000334,"Jun 16, 2026 10:38 AM","Jun 16, 2026 10:38 AM","Jun 16, 2026 11:00 AM","Jun 16, 2026 2:32 PM",MEFMHARD,BACSMC
WO2026-227311,CM,CLOSE,1Y1-CORRIDOR-ELECTRIC SOCKET COVERS JUMED OFF,0001023,L1,1Y1ES0,MEPG1049,"Jun 17, 2026 5:04 PM","Jun 17, 2026 5:04 PM","Jun 17, 2026 6:19 PM","Jun 21, 2026 4:39 AM",MEFMHARD,ELECFMSC
WO2026-228030,CM,INPRG,1Y1-Female washroom in PR handle door is broken,0000895,L1,1Y1ES0-F01-WCF,DOOR-33,"Jun 18, 2026 2:31 PM","Jun 18, 2026 2:31 PM","Jun 18, 2026 3:39 PM",,MEFMSOFT,MEFMCSA
WO2026-227348,CM,CLOSE,1Y1-Mezzanine-Male Toilet-Hand spray faulty-Water is leaking form the pipe.,0001393,L1,1Y1ES0-F01,MEPG1077,"Jun 17, 2026 11:18 PM","Jun 17, 2026 11:18 PM","Jun 17, 2026 11:35 PM","Jun 18, 2026 12:44 PM",MEFMHARD,MECHFMSC
WO2026-228066,CM,COMP,TAG-13 not changing status while intrusion,TSM-262,L1,100DPS-G00,,"Jun 18, 2026 8:58 PM","Jun 18, 2026 8:58 PM","Jun 18, 2026 9:03 PM","Jun 18, 2026 10:42 PM",MESMNS,COMCOOR1
WO2026-225638,CM,CLOSE,DPS - Male washroom 02-03 hand spray is faulty,FM-127413,L1,1WBDPS-F02-LRM,MEPG1916,"Jun 15, 2026 8:18 AM","Jun 15, 2026 8:18 AM","Jun 15, 2026 8:20 AM","Jun 17, 2026 12:32 PM",MEFMHARD,MECHFMSC
WO2026-227918,CM,CLOSE,All Line 1 - Trains pest control treatments required.,FM-126607,L1,100DPS-G00-SM,MEPG1916,"Jun 18, 2026 2:36 AM","Jun 18, 2026 2:36 AM","Jun 18, 2026 2:39 AM","Jun 18, 2026 8:24 AM",MEFMHARD,SSFMSC
WO2026-227918,CM,CLOSE,All Line 1 - Trains pest control treatments required.,FM-126607,L1,100DPS-G00-SM,MEPG1916,"Jun 18, 2026 2:36 AM","Jun 18, 2026 2:36 AM","Jun 18, 2026 2:39 AM","Jun 18, 2026 8:24 AM",MEFMHARD,SSFMSC
WO2026-227918,CM,CLOSE,All Line 1 - Trains pest control treatments required.,FM-126607,L1,100DPS-G00-SM,MEPG1916,"Jun 18, 2026 2:36 AM","Jun 18, 2026 2:36 AM","Jun 18, 2026 2:39 AM","Jun 18, 2026 8:24 AM",MEFMHARD,SSFMSC
WO2026-227253,CM,CLOSE,DPS -  Canteen   Work Shop Building leakage from sink pipe -,FM-127413,L1,100DPS-G00-LMW,MEPG1916,"Jun 17, 2026 11:45 AM","Jun 17, 2026 11:45 AM","Jun 17, 2026 11:46 AM","Jun 19, 2026 9:43 AM",MEFMHARD,MECHFMSC
WO2026-227196,CM,APPR,DPS WORK SHOP BUILDING ELECTRICAL ROOM 00.63 DOOR IS NOT GETTING OPEN.,FM-126607,L1,100DPS-G00-WB,MEPG1916,"Jun 17, 2026 5:54 AM","Jun 17, 2026 5:54 AM","Jun 17, 2026 5:55 AM",,MEFMHARD,MEFMCSA
WO2026-225779,CM,CLOSE,L1_DPN_SBL7 and SBL8-Water leakage-Trackside,0000085,L1,100DPN-STT07,,"Jun 15, 2026 11:20 PM","Jun 15, 2026 11:20 PM","Jun 15, 2026 11:26 PM","Jun 21, 2026 7:41 PM",MEFMHARD,MECHFMSC
WO2026-225676,CM,CLOSE,DPN - Drainage overflow in front of Wearhouse,FM-127413,L1,1WBDPN,MEPG1870,"Jun 15, 2026 12:23 PM","Jun 15, 2026 12:23 PM","Jun 15, 2026 12:24 PM","Jun 21, 2026 7:39 PM",MEFMHARD,MECHFMSC
WO2026-225601,CM,COMP,L1_DPN_AP ND 14 Communication Loss with ATS (Transient),TSM-332,L1,100DPN,SIG1007614,"Jun 15, 2026 4:17 AM","Jun 15, 2026 4:17 AM","Jun 15, 2026 4:26 AM","Jun 18, 2026 4:17 AM",MESMNS,SIGCOOR1
WO2026-225601,CM,COMP,L1_DPN_AP ND 14 Communication Loss with ATS (Transient),TSM-332,L1,100DPN,SIG1007614,"Jun 15, 2026 4:17 AM","Jun 15, 2026 4:17 AM","Jun 15, 2026 4:26 AM","Jun 18, 2026 4:17 AM",MESMNS,SIGCOOR1
WO2026-225258,CM,COMP,L1_DPN_ND 13 Not locking in right after multiple attempts (No point disturbed alarm),TSM-332,L1,100DPN,SIG1009871,"Jun 15, 2026 12:00 AM","Jun 15, 2026 12:14 AM","Jun 15, 2026 12:18 AM","Jun 15, 2026 9:59 PM",MESMNS,TRWCOOR
WO2026-225258,CM,COMP,L1_DPN_ND 13 Not locking in right after multiple attempts (No point disturbed alarm),TSM-332,L1,100DPN,SIG1009871,"Jun 15, 2026 12:00 AM","Jun 15, 2026 12:14 AM","Jun 15, 2026 12:18 AM","Jun 15, 2026 9:59 PM",MESMNS,TRWCOOR
WO2026-227269,CM,CLOSE,L1_DPN_AWP_Accumulated water/Drainage blocked,0000282,L1,1SVDPN,,"Jun 17, 2026 1:49 PM","Jun 17, 2026 1:49 PM","Jun 17, 2026 1:58 PM","Jun 21, 2026 7:43 PM",MEFMHARD,MECHFMSC
WO2026-225590,CM,COMP,SCSS-2C1SS0-B03-COM-ACWM-5 battery backup not working,TSM-168,L2,2C1SS0-B03-COM,SC101523,"Jun 15, 2026 12:32 AM","Jun 15, 2026 12:32 AM","Jun 15, 2026 4:13 AM","Jun 16, 2026 1:48 PM",MESMNS,COMCOOR1
WO2026-225594,CM,COMP,SCSS-2G1AS0-B01-COM-ACCS-4 controller battery not working,TSM-168,L2,2G1AS0-B01-COM,SC102787,"Jun 15, 2026 12:27 AM","Jun 15, 2026 12:27 AM","Jun 15, 2026 4:19 AM","Jun 16, 2026 9:20 AM",MESMNS,COMCOOR1
WO2026-225595,CM,COMP,SCSS-2G1AS0-B01-COM-ACCS-6 battery backup not working,TSM-168,L2,2G1AS0-B01-COM,SC102789,"Jun 15, 2026 12:28 AM","Jun 15, 2026 12:28 AM","Jun 15, 2026 4:21 AM","Jun 16, 2026 9:17 AM",MESMNS,COMCOOR1
WO2026-227254,CM,CLOSE,2A1-Multiple FCU s connected to HCU 16 are having HIGH Temparature,VENKATA.KOMATIPALLI,L2,2A1ES0-F01-ACR07,CMAC002225,"Jun 17, 2026 11:10 AM","Jun 17, 2026 11:10 AM","Jun 17, 2026 12:03 PM","Jun 18, 2026 12:46 PM",MEFMHARD,HVACFMSC
WO2026-227240,CM,CLOSE,1Z1 - North Concourse - Bad smell next to the elevator05,0000886,L1,1Z1ES0- F01,,"Jun 17, 2026 8:53 AM","Jun 17, 2026 8:53 AM","Jun 17, 2026 9:38 AM","Jun 21, 2026 9:30 PM",MEFMHARD,MECHFMSC
WO2026-225674,CM,CLOSE,MRIICF -1Z1 136.6 TOR 02 door stopper damaged,FM-80958,L1,1Z1ES0-F01-TOR02,DOOR-35,"Jun 15, 2026 12:17 PM","Jun 15, 2026 12:17 PM","Jun 15, 2026 12:18 PM","Jun 17, 2026 12:26 PM",MEFMSOFT,MEFMCSA
WO2026-227240,CM,CLOSE,1Z1 - North Concourse - Bad smell next to the elevator05,0000886,L1,1Z1ES0- F01,,"Jun 17, 2026 8:53 AM","Jun 17, 2026 8:53 AM","Jun 17, 2026 9:38 AM","Jun 21, 2026 9:30 PM",MEFMHARD,MECHFMSC
WO2026-225645,CM,COMP,1Z1-PLT 2-PID 26  Not working-communication lost,0001420,L1,1Z1ES0-P02-PLAT01,SD112690,"Jun 15, 2026 8:36 AM","Jun 15, 2026 8:36 AM","Jun 15, 2026 9:01 AM","Jun 17, 2026 11:52 AM",MESMNS,COMCOOR1
WO2026-225645,CM,COMP,1Z1-PLT 2-PID 26  Not working-communication lost,0001420,L1,1Z1ES0-P02-PLAT01,SD112690,"Jun 15, 2026 8:36 AM","Jun 15, 2026 8:36 AM","Jun 15, 2026 9:01 AM","Jun 17, 2026 11:52 AM",MESMNS,COMCOOR1
WO2026-225645,CM,COMP,1Z1-PLT 2-PID 26  Not working-communication lost,0001420,L1,1Z1ES0-P02-PLAT01,SD112690,"Jun 15, 2026 8:36 AM","Jun 15, 2026 8:36 AM","Jun 15, 2026 9:01 AM","Jun 17, 2026 11:52 AM",MESMNS,COMCOOR1
WO2026-228068,CM,INPRG,1Z1-1SS1 - ACCU-01 Compressor 2 faulty,FM-144395,L1,1Z1SR0-G00-ACY,CMAC008720,"Jun 18, 2026 9:03 PM","Jun 18, 2026 9:03 PM","Jun 18, 2026 9:05 PM",,MEFMHARD,HVACFMSC
WO2026-225737,CM,CLOSE,MRIICF -1J1 Station External  pillar no -1-445,FM-80958,L1,1J1ES0-G00-OUT,EXTWAL-13,"Jun 15, 2026 7:42 PM","Jun 15, 2026 7:42 PM","Jun 15, 2026 7:43 PM","Jun 18, 2026 12:46 PM",MEFMSOFT,MEFMCSA
WO2026-226463,CM,CLOSE,1J1 Hand spray female washroom south concourse with leakage,0000324,L1,1J1ES0-F01-WCF01,MEPG0983,"Jun 16, 2026 8:58 AM","Jun 16, 2026 8:58 AM","Jun 16, 2026 9:17 AM","Jun 20, 2026 4:01 PM",MEFMHARD,MECHFMSC
WO2026-226507,CM,CLOSE,1J1-Ventilation isn't working inside south cleaner room F01-N131,0000324,L1,1J1ES0-F01-CLR04,CMAC010433,"Jun 16, 2026 12:50 PM","Jun 16, 2026 12:50 PM","Jun 16, 2026 1:00 PM","Jun 18, 2026 8:49 PM",MEFMHARD,MECHFMSC
WO2026-228065,CM,INPRG,1J1 AHU 4 compressor not working,FM-144395,L1,1J1ES0-F01-HVR01,CMAC010251,"Jun 18, 2026 8:03 PM","Jun 18, 2026 8:03 PM","Jun 18, 2026 8:34 PM",,MEFMHARD,HVACFMSC
WO2026-227317,CM,CLOSE,1J1-AHU 04 Return and Supply fan CMD showing OFF in BMS.(Physically working),MAYUR.KOLATE,L1,1J1ES0-F01-HVR01,CMAC010251,"Jun 17, 2026 6:17 PM","Jun 17, 2026 6:17 PM","Jun 17, 2026 7:42 PM","Jun 18, 2026 3:37 PM",MEFMHARD,ELECFMSC
WO2026-228027,CM,CLOSE,1J1:  Elevator -05 Machine room overheating alarm,0001167,L1,1J1ES0-F01-HVR02,CMAC010248,"Jun 18, 2026 2:40 PM","Jun 18, 2026 2:40 PM","Jun 18, 2026 2:57 PM","Jun 18, 2026 8:23 PM",MEFMHARD,HVACFMSC
WO2026-226427,CM,CLOSE,1J1-Entrance 04-  PB-2  sliding door faulty.,SUSHIL.SALVI,L1,1J1ES0-G00-ENT04,AGSD0218,"Jun 16, 2026 4:53 AM","Jun 16, 2026 4:53 AM","Jun 16, 2026 5:30 AM","Jun 19, 2026 1:57 PM",MEFMHARD,MECHFMSC
WO2026-228050,CM,COMP,1J1:  SCTL-1J1ES0-P02-ELV04-INT-001 (ELV10005) not working and alarm on FSCADA.,MAYUR.KOLATE,L1,1J1ES0-G00-F01,SC119106,"Jun 18, 2026 5:20 PM","Jun 18, 2026 5:20 PM","Jun 18, 2026 5:55 PM","Jun 20, 2026 8:57 PM",MESMNS,COMCOOR1
WO2026-228050,CM,COMP,1J1:  SCTL-1J1ES0-P02-ELV04-INT-001 (ELV10005) not working and alarm on FSCADA.,MAYUR.KOLATE,L1,1J1ES0-G00-F01,SC119106,"Jun 18, 2026 5:20 PM","Jun 18, 2026 5:20 PM","Jun 18, 2026 5:55 PM","Jun 20, 2026 8:57 PM",MESMNS,COMCOOR1
WO2026-227985,CM,COMP,1J1 MSD 201 Motor pulley ring detached,TSM-291,L1,1J1ES0-P02-PLAT-201,,"Jun 18, 2026 9:10 AM","Jun 18, 2026 9:10 AM","Jun 18, 2026 10:14 AM","Jun 19, 2026 4:04 PM",MESMNS,PSDCOOR1
WO2026-227985,CM,COMP,1J1 MSD 201 Motor pulley ring detached,TSM-291,L1,1J1ES0-P02-PLAT-201,,"Jun 18, 2026 9:10 AM","Jun 18, 2026 9:10 AM","Jun 18, 2026 10:14 AM","Jun 19, 2026 4:04 PM",MESMNS,PSDCOOR1
WO2026-226453,CM,COMP,L1_1F72_MSD-201_Opening fault/Failed to OPEN,TSM-333,L1,1F7TS0-P02-PLAT-201,SP127254,"Jun 16, 2026 7:36 AM","Jun 16, 2026 7:41 AM","Jun 16, 2026 7:44 AM","Jun 17, 2026 6:46 AM",MESMNS,PSDCOOR1
WO2026-226453,CM,COMP,L1_1F72_MSD-201_Opening fault/Failed to OPEN,TSM-333,L1,1F7TS0-P02-PLAT-201,SP127254,"Jun 16, 2026 7:36 AM","Jun 16, 2026 7:41 AM","Jun 16, 2026 7:44 AM","Jun 17, 2026 6:46 AM",MESMNS,PSDCOOR1
WO2026-226453,CM,COMP,L1_1F72_MSD-201_Opening fault/Failed to OPEN,TSM-333,L1,1F7TS0-P02-PLAT-201,SP127254,"Jun 16, 2026 7:36 AM","Jun 16, 2026 7:41 AM","Jun 16, 2026 7:44 AM","Jun 17, 2026 6:46 AM",MESMNS,PSDCOOR1
WO2026-225689,CM,CLOSE,1F5-Male staff Washroom-Health faucet-Jetspray pressure very low (B04-080),0001156,L1,1F5DS0-B04-WCMS,MEPG0698,"Jun 15, 2026 1:17 PM","Jun 15, 2026 1:17 PM","Jun 15, 2026 1:19 PM","Jun 15, 2026 4:11 PM",MEFMHARD,MECHFMSC
WO2026-226537,CM,INPRG,1F5-TPF ROOM-B04.026- Air Leakage from TPF3&4 fan duct and wall,SRAVAN.MARAM,L1,1F5DS0-B04-VNR,MEPG0684,"Jun 16, 2026 4:54 PM","Jun 16, 2026 4:54 PM","Jun 16, 2026 5:03 PM",,MEFMHARD,MECHFMSC
WO2026-226537,CM,INPRG,1F5-TPF ROOM-B04.026- Air Leakage from TPF3&4 fan duct and wall,SRAVAN.MARAM,L1,1F5DS0-B04-VNR,MEPG0684,"Jun 16, 2026 4:54 PM","Jun 16, 2026 4:54 PM","Jun 16, 2026 5:03 PM",,MEFMHARD,MECHFMSC
WO2026-226471,CM,CLOSE,1F5-Door Closure-Faulty-Stair 07-B03.202,0001156,L1,1F5DS0-B03-STR07,DOOR-16,"Jun 16, 2026 10:01 AM","Jun 16, 2026 10:01 AM","Jun 16, 2026 10:12 AM","Jun 16, 2026 6:23 PM",MEFMSOFT,MEFMCSA
WO2026-226475,CM,CLOSE,1F5-Door Closure-Faulty-Stair 05-B02-014,0001156,L1,1F5DS0-B02-STR05,DOOR-16,"Jun 16, 2026 10:28 AM","Jun 16, 2026 10:28 AM","Jun 16, 2026 10:36 AM","Jun 16, 2026 6:28 PM",MEFMSOFT,MEFMCSA
WO2026-226473,CM,CLOSE,1F5-Doors-B02-044 Rubber gasket dislocated,0001156,L1,1F5DS0-B02-FCR01,DOOR-16,"Jun 16, 2026 10:14 AM","Jun 16, 2026 10:14 AM","Jun 16, 2026 10:33 AM","Jun 18, 2026 11:30 AM",MEFMSOFT,MEFMCSA
WO2026-227298,CM,INPRG,1F5-Chiller No: 02 Circuit A selector switch not working,FM-144395,L1,1F5DS0-B03-CUE,CMAC010063,"Jun 17, 2026 5:36 PM","Jun 17, 2026 5:36 PM","Jun 17, 2026 5:39 PM",,MEFMHARD,HVACFMSC
WO2026-227299,CM,INPRG,1F5 - Chiller No: 02 Circuit B Fan VFD warning alarm is repeating,FM-144395,L1,1F5DS0-B03-CUE,CMAC010063,"Jun 17, 2026 5:40 PM","Jun 17, 2026 5:40 PM","Jun 17, 2026 5:41 PM",,MEFMHARD,HVACFMSC
WO2026-227296,CM,INPRG,1F5-Chiller No: 01 Circuit B Compress VFD warning alarm,FM-144395,L1,1F5DS0-B03-CWP,CMAC010064,"Jun 17, 2026 5:32 PM","Jun 17, 2026 5:32 PM","Jun 17, 2026 5:34 PM",,MEFMHARD,HVACFMSC
WO2026-226519,CM,CLOSE,1F5-Exhaust Fan-CMAC-1F5DS0-B06-060-EF-13 showing disconnect switch trip,0001156,L1,1F5DS0-B03-HVR01,CMAC010223,"Jun 16, 2026 2:05 PM","Jun 16, 2026 2:05 PM","Jun 16, 2026 2:29 PM","Jun 18, 2026 6:05 PM",MEFMHARD,HVACFMSC
WO2026-225750,CM,CLOSE,1F5- EXIT 3 sliding door is not working.,0001136,L1,1F5DS0-G00-ENT03,AGSD0137,"Jun 15, 2026 7:40 PM","Jun 15, 2026 7:40 PM","Jun 15, 2026 8:19 PM","Jun 21, 2026 1:29 PM",MEFMHARD,MECHFMSC
WO2026-225659,CM,CLOSE,1F5-BMS-UPS showing OFF in BMS but physically/in FSCADA working.,0001156,L1,1F5DS0-P06-SMR,CJME0101589,"Jun 15, 2026 11:29 AM","Jun 15, 2026 11:29 AM","Jun 15, 2026 11:41 AM","Jun 15, 2026 7:43 PM",MEFMHARD,ELECFMSC
WO2026-226581,CM,CLOSE,1F4-FSCADA-CBS 001 and CBS 003 Emergency power alarms in FSCADA,JAI.BACANGARI,L1,1F4TS0-B02-CBS,CELD004864,"Jun 16, 2026 9:57 PM","Jun 16, 2026 9:57 PM","Jun 16, 2026 10:11 PM","Jun 17, 2026 8:02 PM",MEFMHARD,ELECFMSC
WO2026-227653,CM,CLOSE,1F4-FCU-F02-040-FCU-510 showing high temp on BMS.,0001201,L1,1F4TS0-F02-SPF01,CMAC009949,"Jun 18, 2026 12:00 AM","Jun 18, 2026 12:00 AM","Jun 18, 2026 12:20 AM","Jun 21, 2026 8:33 PM",MEFMHARD,HVACFMSC
WO2026-227289,CM,COMP,1F4- PID-28 SHOWING WRONG TIME AND INFORMATION AND SHOWING COMMUNICATION LOST IN FSCADA,NAGA.VUTUKURI,L1,1F4TS0-G00-COCP,SD104721,"Jun 17, 2026 4:09 PM","Jun 17, 2026 4:09 PM","Jun 17, 2026 5:18 PM","Jun 17, 2026 10:58 PM",MESMNS,COMCOOR1
WO2026-228069,CM,CLOSE,1F4-G00.053-Passage post-FCU-10 is showing 24c high temperature,0001196,L1,1F4TS0-G00-FCR,CMAC009804,"Jun 18, 2026 9:17 PM","Jun 18, 2026 9:17 PM","Jun 18, 2026 9:40 PM","Jun 22, 2026 9:54 AM",MEFMHARD,HVACFMSC
WO2026-227922,CM,CLOSE,1F4-TFACP-SUPERVISORY ACT 1F4-TRK-N7L2-MM-151 ES-1-11B/1F4 TRBL alarm on TFACP.,0001201,L1,1F4TS0-P05-SMR01,CFDA000418,"Jun 18, 2026 3:21 AM","Jun 18, 2026 3:21 AM","Jun 18, 2026 3:34 AM","Jun 21, 2026 4:36 AM",MEFMHARD,ELECFMSC
WO2026-225644,CM,CLOSE,1F4 : Fire Alarm hooters are flashing & Sounding in tunnel section near 1F4 Station,0001179,L1,1F4TS0-P05-WLKW01,CFDA000412,"Jun 15, 2026 7:40 AM","Jun 15, 2026 7:40 AM","Jun 15, 2026 8:46 AM","Jun 16, 2026 2:36 AM",MEFMHARD,ELECFMSC
WO2026-227947,CM,CLOSE,1F4-FCU-Level P05-Multiple FCU's are showing communication lost on BMS,0001201,L1,1F4TS0-P05-SMR01,CMAC009985,"Jun 18, 2026 5:13 AM","Jun 18, 2026 5:13 AM","Jun 18, 2026 5:56 AM","Jun 21, 2026 2:46 AM",MEFMHARD,ELECFMSC
WO2026-225769,CM,CLOSE,1F4- Line5 SMR - abnormal sound from FCU110,0001208,L1,1F4TS0-P05-SMR02,CMAC009877,"Jun 15, 2026 8:42 PM","Jun 15, 2026 8:42 PM","Jun 15, 2026 10:17 PM","Jun 22, 2026 9:39 AM",MEFMHARD,HVACFMSC
WO2026-228032,CM,CLOSE,1D5-Floor mat inside the TOR at multiple locations needs to be fixed properly.,DILEEP.KOTHA,L1,1D5DS0-B03-TOR,INTFLR-20,"Jun 18, 2026 2:22 PM","Jun 18, 2026 2:22 PM","Jun 18, 2026 4:03 PM","Jun 21, 2026 8:35 PM",MEFMSOFT,MEFMCSA
WO2026-228003,CM,INPRG,1D5-External lights working without control (24hours),FM-127413,L1,1D5DS0-G00-ENT01,MEPG0530,"Jun 18, 2026 12:02 PM","Jun 18, 2026 12:02 PM","Jun 18, 2026 12:03 PM",,MEFMHARD,ELECFMSC
WO2026-227318,CM,INPRG,1D5 - Grade Level - Sky Lights - Physically ON in daylight - BMS its Showing OFF.,0001159,L1,1D5DS0-G00,MEPG0530,"Jun 17, 2026 7:38 PM","Jun 17, 2026 7:38 PM","Jun 17, 2026 8:03 PM",,MEFMHARD,ELECFMSC
WO2026-226497,CM,CLOSE,1D5 -Corridor-01 door (B03.098) is not getting locked,0001141,L1,1D5DS0-B03-AOR02,DOOR-20,"Jun 16, 2026 11:59 AM","Jun 16, 2026 11:59 AM","Jun 16, 2026 12:19 PM","Jun 18, 2026 7:06 PM",MEFMSOFT,MEFMCSA
WO2026-226532,CM,CLOSE,1D5 - Concourse Level - Retail Shop MEED - Door Handle from Inside is in Loose Condition.,0001159,L1,1D5DS0-B03-RTL01,DOOR-20,"Jun 16, 2026 3:56 PM","Jun 16, 2026 3:56 PM","Jun 16, 2026 4:01 PM","Jun 16, 2026 9:10 PM",MEFMSOFT,MEFMCSA
WO2026-225641,CM,COMP,1D5-Concourse level-PID-27 abnormal sound,0001173,L1,1D5DS0-B03-COCP,SD104747,"Jun 15, 2026 7:31 AM","Jun 15, 2026 7:31 AM","Jun 15, 2026 8:28 AM","Jun 17, 2026 2:15 PM",MESMNS,COMCOOR1
WO2026-225641,CM,COMP,1D5-Concourse level-PID-27 abnormal sound,0001173,L1,1D5DS0-B03-COCP,SD104747,"Jun 15, 2026 7:31 AM","Jun 15, 2026 7:31 AM","Jun 15, 2026 8:28 AM","Jun 17, 2026 2:15 PM",MESMNS,COMCOOR1
WO2026-226423,CM,CLOSE,1D5-B03-HVR-AHU-03 is not working due to supply fan belt has damaged.,DILEEP.KOTHA,L1,1D5DS0-B03-HVR,CMAC008552,"Jun 16, 2026 5:18 AM","Jun 16, 2026 5:18 AM","Jun 16, 2026 5:21 AM","Jun 16, 2026 6:12 PM",MEFMHARD,HVACFMSC
WO2026-226445,CM,CLOSE,1D5-B03-ESC100104 is not working and showing connection lost in L&E.,DILEEP.KOTHA,L1,1D5DS0-B04-B03,CMES000812,"Jun 16, 2026 5:38 AM","Jun 16, 2026 5:38 AM","Jun 16, 2026 6:48 AM","Jun 16, 2026 9:30 AM",MEFMHARD,MECHFMSC
WO2026-226502,CM,INPRG,1D5DS0-EMDB-01 Downstream Breaker is not transferring power automatically to EDP-3 during power fluc,FM-127413,L1,1D5DS0-B04-EMDB,CELD004033,"Jun 16, 2026 12:31 PM","Jun 16, 2026 12:31 PM","Jun 16, 2026 12:32 PM",,MEFMHARD,ELECFMSC
WO2026-227938,CM,CLOSE,1D5-Sliding door-Exit-2 right side sliding door press to exit button not working,0001210,L1,1D5DS0-G00-ENT02,SC114888,"Jun 18, 2026 4:48 AM","Jun 18, 2026 4:48 AM","Jun 18, 2026 5:12 AM","Jun 18, 2026 6:15 PM",MESMNS,MECHFMSC
WO2026-227938,CM,CLOSE,1D5-Sliding door-Exit-2 right side sliding door press to exit button not working,0001210,L1,1D5DS0-G00-ENT02,SC114888,"Jun 18, 2026 4:48 AM","Jun 18, 2026 4:48 AM","Jun 18, 2026 5:12 AM","Jun 18, 2026 6:15 PM",MESMNS,MECHFMSC
WO2026-227962,CM,COMP,1D5-Platform02-EED214- Abnormal noise coming out from EED.,DILEEP.KOTHA,L1,1D5DS0-P02-PLAT-214,SP118768,"Jun 18, 2026 7:15 AM","Jun 18, 2026 7:15 AM","Jun 18, 2026 7:20 AM","Jun 20, 2026 9:52 AM",MESMNS,PSDCOOR1
WO2026-227962,CM,COMP,1D5-Platform02-EED214- Abnormal noise coming out from EED.,DILEEP.KOTHA,L1,1D5DS0-P02-PLAT-214,SP118768,"Jun 18, 2026 7:15 AM","Jun 18, 2026 7:15 AM","Jun 18, 2026 7:20 AM","Jun 20, 2026 9:52 AM",MESMNS,PSDCOOR1
WO2026-227962,CM,COMP,1D5-Platform02-EED214- Abnormal noise coming out from EED.,DILEEP.KOTHA,L1,1D5DS0-P02-PLAT-214,SP118768,"Jun 18, 2026 7:15 AM","Jun 18, 2026 7:15 AM","Jun 18, 2026 7:20 AM","Jun 20, 2026 9:52 AM",MESMNS,PSDCOOR1
WO2026-227948,CM,COMP,1D5-Elevator-100103-Elevator doors not closing for longer time for platform-2,0001210,L1,1D5DS0-P06-B03,CMLF000488,"Jun 18, 2026 6:00 AM","Jun 18, 2026 6:00 AM","Jun 18, 2026 6:05 AM","Jun 18, 2026 1:16 PM",MEFMHARD,BACSMC
WO2026-227197,CM,COMP,"1D5-Openscape Xpert-Not working in SMR , showing communication lost in FSCADA",0001210,L1,1D5DS0-P06-SMR,SC115020,"Jun 17, 2026 5:36 AM","Jun 17, 2026 5:36 AM","Jun 17, 2026 6:02 AM","Jun 17, 2026 8:11 AM",MESMNS,COMCOOR1
WO2026-225752,CM,CLOSE,1D2- Floor Tile broken at Concourse Unpaid area between Exit 1 & 2.,KARTHIK.ODAPALLI,L1,1D2DS0-B03-COCU01,INTFLR-24,"Jun 15, 2026 6:07 PM","Jun 15, 2026 6:07 PM","Jun 15, 2026 8:25 PM","Jun 21, 2026 12:48 AM",MEFMSOFT,MEFMCSA
WO2026-227225,CM,COMP,"1D2-SCSS-B03-CORR08-CEDR-16-Card reader 16a showing green physically, but in ACID it is showing norm",0001207,L1,1D2DS0-B03-CORR08,SC114163,"Jun 17, 2026 8:47 AM","Jun 17, 2026 8:47 AM","Jun 17, 2026 8:57 AM","Jun 17, 2026 1:48 PM",MESMNS,COMCOOR1
WO2026-226564,CM,CLOSE,1D2-CBS IN BMS system showing faulty,0000812,L1,1D2DS0-B04-CBS01,CELD003931,"Jun 16, 2026 8:53 PM","Jun 16, 2026 8:53 PM","Jun 16, 2026 9:06 PM","Jun 17, 2026 7:58 PM",MEFMHARD,ELECFMSC
WO2026-225743,CM,INPRG,1D2-Lighting Control System having system failure.,FM-145309,L1,1D2DS0-P06-SMR,CTVE010114,"Jun 15, 2026 7:58 PM","Jun 15, 2026 7:58 PM","Jun 15, 2026 8:02 PM",,MEFMHARD,ELECFMSC
WO2026-227262,CM,CLOSE,1D2-NRT showing node doesnot exist tab pop window,0001207,L1,1D2DS0-P06-SMR,CFDA000255,"Jun 17, 2026 1:24 PM","Jun 17, 2026 1:24 PM","Jun 17, 2026 1:26 PM","Jun 18, 2026 5:17 AM",MEFMHARD,ELECFMSC
WO2026-227234,CM,CLOSE,1D2-B03-N3L7-MM-177 ASP12-T ECUP B02-023-Showing supervisory alarm in main FACP,0001207,L1,1D2DS0-B02-ECUP,CFDA000249,"Jun 17, 2026 8:49 AM","Jun 17, 2026 8:49 AM","Jun 17, 2026 9:21 AM","Jun 18, 2026 5:06 AM",MEFMHARD,ELECFMSC
WO2026-225780,CM,COMP,"1D2-Intercom-Stair Intercom INT-63 is faulty, Multiple alarms on FSCADA.",0001201,L1,1D2DS0-P06-STR02,SC114323,"Jun 15, 2026 11:24 PM","Jun 15, 2026 11:24 PM","Jun 15, 2026 11:28 PM","Jun 16, 2026 3:05 PM",MESMNS,COMCOOR1
WO2026-225780,CM,COMP,"1D2-Intercom-Stair Intercom INT-63 is faulty, Multiple alarms on FSCADA.",0001201,L1,1D2DS0-P06-STR02,SC114323,"Jun 15, 2026 11:24 PM","Jun 15, 2026 11:24 PM","Jun 15, 2026 11:28 PM","Jun 16, 2026 3:05 PM",MESMNS,COMCOOR1
WO2026-228055,CM,CLOSE,1C4 AHU -5 Supply air Temp showing 93.3c.,FM-144395,L1,1C4DS0-B03-HVR02,CMAC009521,"Jun 18, 2026 6:14 PM","Jun 18, 2026 6:14 PM","Jun 18, 2026 6:27 PM","Jun 19, 2026 4:31 PM",MEFMHARD,ELECFMSC
WO2026-227946,CM,COMP,1C4-PID-SCPI-1C40000-PID-25 SHOWING LOST COMMUNICATION & not working physically too,0001142,L1,1C4DS0-P06-PLAT02,SD103819,"Jun 18, 2026 5:44 AM","Jun 18, 2026 5:44 AM","Jun 18, 2026 5:53 AM","Jun 18, 2026 12:40 PM",MESMNS,COMCOOR1
WO2026-227310,CM,CLOSE,1C3-P06-Wall damaged at platform1 north side,0001196,L1,1C3DS0-P01,DOOR-11,"Jun 17, 2026 5:42 PM","Jun 17, 2026 5:42 PM","Jun 17, 2026 6:19 PM","Jun 19, 2026 6:48 AM",MEFMSOFT,MEFMCSA
WO2026-226540,CM,CLOSE,1C3-B03-Water leakage from health faucet in male accessible toilet,0001196,L1,1C3DS0-B03-WCA02,MEPG0419,"Jun 16, 2026 5:19 PM","Jun 16, 2026 5:19 PM","Jun 16, 2026 5:22 PM","Jun 18, 2026 9:25 AM",MEFMHARD,MECHFMSC
WO2026-226549,CM,CLOSE,1C3-B04-Water not getting from tap in male staff toilet washbasin,0001196,L1,1C3DS0-B04-WCMS,MEPG0416,"Jun 16, 2026 8:08 PM","Jun 16, 2026 8:08 PM","Jun 16, 2026 8:15 PM","Jun 20, 2026 2:06 PM",MEFMHARD,MECHFMSC
WO2026-226554,CM,CLOSE,1C3-B03-Found crack on tile near exit3 unpaid area,0001196,L1,1C3DS0-G00-ENT03,DOOR-11,"Jun 16, 2026 5:21 PM","Jun 16, 2026 5:21 PM","Jun 16, 2026 8:41 PM","Jun 19, 2026 6:55 AM",MEFMSOFT,MEFMCSA
WO2026-227322,CM,INPRG,1C3-CP00-1C3DS0-P06-077-FWP-SP-003-004 is showing common alarm in BMS,0001196,L1,1C3DS0-B03-SPR01,CP00001558,"Jun 17, 2026 5:21 PM","Jun 17, 2026 5:21 PM","Jun 17, 2026 9:22 PM",,MEFMHARD,MECHFMSC
WO2026-226451,CM,CLOSE,1C3- male accessible toilet - water leakage from WC,0001205,L1,1C3DS0-B03-WCA02,MEPG0416,"Jun 16, 2026 7:34 AM","Jun 16, 2026 7:34 AM","Jun 16, 2026 7:41 AM","Jun 17, 2026 10:40 AM",MEFMHARD,MECHFMSC
WO2026-228056,CM,INPRG,1C3- Female Staff washroom- Tap damage near the joint due which continuous water leakage.,0001205,L1,1C3DS0-B04-WCFS,MEPG0416,"Jun 18, 2026 6:17 PM","Jun 18, 2026 6:17 PM","Jun 18, 2026 6:53 PM",,MEFMHARD,HVACFMSC
WO2026-226514,CM,APPR,1C3-Exit01 - one of the canopy glass shattered observed at exit01.,0001205,L1,1C3DS0-G00-ENT02,INTWAL-11,"Jun 16, 2026 1:48 PM","Jun 16, 2026 1:48 PM","Jun 16, 2026 2:00 PM",,MEFMSOFT,MEFMCSA
WO2026-228081,CM,CLOSE,1C3- signage light above P06-platform01 elevator104 is not working,0001205,L1,1C3DS0-P06,MEPG0389,"Jun 18, 2026 10:55 PM","Jun 18, 2026 10:55 PM","Jun 18, 2026 11:46 PM","Jun 22, 2026 12:27 AM",MEFMHARD,ELECFMSC
WO2026-227919,CM,INPRG,1B4 Generator Fuel Day tank  incoming pipe joint flange having leakage.,FM-126607,L1,1B4DS0-B02-GEN01,REL1002249,"Jun 18, 2026 3:08 AM","Jun 18, 2026 3:08 AM","Jun 18, 2026 3:12 AM",,MEFMHARD,BACSREL
WO2026-226430,CM,CLOSE,1B4-CJME_1B4DS0_DIGE01_SA Summary alarm showing in BMS,0001142,L1,1B4DS0-B02-GEN01,REL1002249,"Jun 16, 2026 5:39 AM","Jun 16, 2026 5:39 AM","Jun 16, 2026 5:44 AM","Jun 17, 2026 11:02 PM",MEFMHARD,ELECFMSC
WO2026-225621,CM,CLOSE,1B4-PF-01-South side Emg exit door push bar not working properly not closing,0001142,L1,1B4DS0-P01,DOOR-34,"Jun 15, 2026 5:19 AM","Jun 15, 2026 5:19 AM","Jun 15, 2026 6:05 AM","Jun 15, 2026 1:11 PM",MEFMSOFT,MEFMCSA
WO2026-225709,CM,COMP,1B4DS0-B03-COCP-INT-017 no CCTV pop-up,0000323,L1,1B4DS0-B03-COCP,SC122200,"Jun 15, 2026 3:22 PM","Jun 15, 2026 3:22 PM","Jun 15, 2026 4:26 PM","Jun 15, 2026 9:20 PM",MESMNS,COMCOOR1
WO2026-227983,CM,COMP,1B4-Platfrom -01 temperature reaches 27.5 degrees physically,SATYA.ILLA,L1,1B4DS0-B03-HVR01,CMAC009133,"Jun 18, 2026 9:39 AM","Jun 18, 2026 9:39 AM","Jun 18, 2026 10:08 AM","Jun 20, 2026 11:54 AM",MEFMHARD,HVACFMSC
WO2026-225581,CM,CLOSE,1B4-In Tech level in front of lifts from FCU61 Getting some abnormal sound,0001142,L1,1B4DS0-B04-CORR02,CMAC009269,"Jun 15, 2026 2:50 AM","Jun 15, 2026 2:50 AM","Jun 15, 2026 2:54 AM","Jun 17, 2026 11:46 AM",MEFMHARD,HVACFMSC
WO2026-225587,CM,CLOSE,1B4-FCU15 ( B04-004 ) TVF fan room inside FCU15 not working the room not cooling ( Tem-35degrees,0001142,L1,1B4DS0-B04-TVR01,CMAC009231,"Jun 15, 2026 3:10 AM","Jun 15, 2026 3:10 AM","Jun 15, 2026 3:40 AM","Jun 18, 2026 9:45 AM",MEFMHARD,HVACFMSC
WO2026-225735,CM,COMP,1B4DS0-SCRT-P06-Corr08-Anin-40- Antenna Jumper disconnected from cable side,0000323,L1,1B4DS0-P06-CORR08,SC127052,"Jun 15, 2026 7:05 PM","Jun 15, 2026 7:05 PM","Jun 15, 2026 7:23 PM","Jun 15, 2026 9:12 PM",MESMNS,COMCOOR1
WO2026-225585,CM,COMP,1B4-B04.016 -ECUP10 Room inside the White telephone Need to be fix to the wall,0001142,L1,1B4DS0-B02-ECUP,SC127017,"Jun 15, 2026 3:03 AM","Jun 15, 2026 3:03 AM","Jun 15, 2026 3:18 AM","Jun 16, 2026 5:50 AM",MESMNS,COMCOOR1
WO2026-226487,CM,CLOSE,1B4-MONITOR ACTIVE B03-N3L1-MM-171 HVR02 FAN-2/T In MFACP,0001395,L1,1B4DS0-B03-COCP,CFDA000341,"Jun 16, 2026 11:01 AM","Jun 16, 2026 11:01 AM","Jun 16, 2026 11:19 AM","Jun 18, 2026 1:58 PM",MEFMHARD,MECHFMSC
WO2026-226583,CM,CLOSE,1B1-Female accessible washroom hand wash basin drain hose leaking,0001528,L1,1B1DS0-B03-WCF,MEPG0130,"Jun 16, 2026 10:36 PM","Jun 16, 2026 10:36 PM","Jun 16, 2026 10:43 PM","Jun 17, 2026 10:22 PM",MEFMHARD,MECHFMSC
WO2026-226466,CM,CLOSE,1B1-Male accessible toilet hand spray water lakage,0001394,L1,1B1DS0-B03-WCA01,MEPG0137,"Jun 16, 2026 8:58 AM","Jun 16, 2026 8:58 AM","Jun 16, 2026 9:28 AM","Jun 16, 2026 11:46 AM",MEFMHARD,MECHFMSC
WO2026-226504,CM,CLOSE,1B1 -Male toilet cummode continuously draining water,0001394,L1,1B1DS0-B03-WCM,MEPG0137,"Jun 16, 2026 12:28 PM","Jun 16, 2026 12:28 PM","Jun 16, 2026 12:37 PM","Jun 17, 2026 10:30 PM",MEFMHARD,MECHFMSC
WO2026-226494,CM,APPR,"2SS1-The substation gate was found unlocked, indicating that the lock set is likely damaged.",FM-80958,L1,2KARD0,DOOR-36,"Jun 16, 2026 12:04 PM","Jun 16, 2026 12:04 PM","Jun 16, 2026 12:07 PM",,MEFMSOFT,MEFMCSA
WO2026-226494,CM,APPR,"2SS1-The substation gate was found unlocked, indicating that the lock set is likely damaged.",FM-80958,L1,2KARD0,DOOR-36,"Jun 16, 2026 12:04 PM","Jun 16, 2026 12:04 PM","Jun 16, 2026 12:07 PM",,MEFMSOFT,MEFMCSA
WO2026-225768,CM,CLOSE,1B1-GEN-002 Emergency Generators-Gen Summary Alarm,BAL.ORAIZ,L1,1B1DS0-B03-GEN02,REL1002215,"Jun 15, 2026 3:32 PM","Jun 15, 2026 3:32 PM","Jun 15, 2026 10:03 PM","Jun 16, 2026 11:47 PM",MEFMHARD,ELECFMSC
WO2026-227276,CM,INPRG,1B1-Tube lights(3) not working at Stair 1 P06 level,0001394,L1,1B1DS0-P06-B03,MEPG0107,"Jun 17, 2026 2:59 PM","Jun 17, 2026 2:59 PM","Jun 17, 2026 3:10 PM",,MEFMHARD,ELECFMSC
WO2026-227213,CM,CLOSE,1B1-Female staff room door lock faulty,0001419,L1,1B1DS0-B04-SSRF,DOOR-36,"Jun 17, 2026 6:29 AM","Jun 17, 2026 6:29 AM","Jun 17, 2026 7:09 AM","Jun 18, 2026 3:00 AM",MEFMSOFT,MEFMCSA
WO2026-226529,CM,INPRG,"1B1- All chillers and chilled water pumps are running in Local Mode, Due to Not achieving the Tempe",FM-145309,L1,1B1DS0-B03-CUE,CMAC008954,"Jun 16, 2026 3:38 PM","Jun 16, 2026 3:38 PM","Jun 16, 2026 3:42 PM",,MEFMHARD,ELECFMSC
WO2026-226526,CM,CLOSE,1B1-Currnt unbalance alarm in BMS MDB-02,0001394,L1,1B1DS0-B03-MDB,CELD004342,"Jun 16, 2026 2:48 PM","Jun 16, 2026 2:48 PM","Jun 16, 2026 3:29 PM","Jun 20, 2026 5:43 AM",MEFMHARD,ELECFMSC
WO2026-226544,CM,INPRG,1B1-FCU-53 showing off status in BMS,0001394,L1,1B1DS0-B04-CBS01,CMAC009069,"Jun 16, 2026 2:43 PM","Jun 16, 2026 2:43 PM","Jun 16, 2026 7:02 PM",,MEFMHARD,HVACFMSC
WO2026-226462,CM,INPRG,1B1 - CHW Pumps are in Manual mode not running in Auto mode.,FM-127413,L1,1B1DS0-P06-SMR,CJME0101470,"Jun 16, 2026 9:11 AM","Jun 16, 2026 9:11 AM","Jun 16, 2026 9:14 AM",,MEFMHARD,ELECFMSC
WO2026-227201,CM,CLOSE,1A2DS0 - DOOR HEADING TO TVF-3 DIFFICULT TO OPEN NEED URGENT REPLACEMENT,0000339,L1,1A2DS0-B02-CORR01,DOOR-38,"Jun 17, 2026 5:57 AM","Jun 17, 2026 5:57 AM","Jun 17, 2026 6:18 AM","Jun 17, 2026 9:48 AM",MEFMSOFT,MEFMCSA
WO2026-226441,CM,CLOSE,1A2DS0-B02.003- AIR CON PUMP DOOR LOCK NOT OPENING WITH KEY,0000339,L1,1A2DS0-B02-CORR01,DOOR-38,"Jun 16, 2026 5:56 AM","Jun 16, 2026 5:56 AM","Jun 16, 2026 6:18 AM","Jun 16, 2026 12:26 PM",MEFMSOFT,MEFMCSA
WO2026-225775,CM,CLOSE,1A2-CONCOURSE LEVEL-BROKEN TILE-NEAR ESCALAT0R10,0001211,L1,1A2DS0-B02-COCP,INTWAL-38,"Jun 15, 2026 10:14 PM","Jun 15, 2026 10:14 PM","Jun 15, 2026 10:57 PM","Jun 18, 2026 11:21 AM",MEFMSOFT,MEFMCSA
WO2026-226163,CM,CLOSE,1A2DS0 - PLATFORM 2- LOSS WALL TILESBESIDE HOSE REEL FHC-01,0000339,L1,1A2DS0-P02,INTFLR-38,"Jun 16, 2026 12:20 AM","Jun 16, 2026 12:20 AM","Jun 16, 2026 12:39 AM","Jun 18, 2026 11:24 AM",MEFMSOFT,MEFMCSA
WO2026-225622,CM,CLOSE,1A2DS0 COUNCOURSE LED LIGHT NOT WORKING,0000339,L1,1A2DS0-B02-COCP,MEPG0060,"Jun 15, 2026 5:56 AM","Jun 15, 2026 5:56 AM","Jun 15, 2026 6:09 AM","Jun 16, 2026 12:44 AM",MEFMHARD,ELECFMSC
WO2026-225651,CM,CLOSE,1A2 MALE TOILET-HANDLE IS LOOSE AND NOT OPERATING CORRECTILY,0001533,L1,1A2DS0-B02-WCM01,1A2DS0,"Jun 15, 2026 9:53 AM","Jun 15, 2026 9:53 AM","Jun 15, 2026 10:42 AM","Jun 15, 2026 10:35 PM",MEFMCSA,MEFMCSA
WO2026-225575,CM,INPRG,"1A2DS0 - EXIT 2 ABOVE ELEVATOR 4, FLICKERING ROUND LED LIGHT NEED TO BE REPLACED",0000339,L1,1A2DS0-G00-ENT02,MEPG0060,"Jun 15, 2026 1:05 AM","Jun 15, 2026 1:05 AM","Jun 15, 2026 1:11 AM",,MEFMHARD,ELECFMSC
WO2026-228005,CM,CLOSE,1A2DS0-SCSS-1A2DS0-B02-CORR06-CARE-23-ACID CARD READER REQUIRES BATTERY CHANGE-LEADS TO FEM STAFFROM,0001413,L1,1A2DS0-B02-CORR06,DOOR-38,"Jun 18, 2026 10:36 AM","Jun 18, 2026 10:36 AM","Jun 18, 2026 12:12 PM","Jun 20, 2026 4:28 PM",MEFMSOFT,MEFMCSA
WO2026-227926,CM,INPRG,1A2DS0- PLATFORM 2 -SMR CORRIDOR - FOULY SMELL,0000339,L1,1A2DS0-P01,MEPG0084,"Jun 18, 2026 3:03 AM","Jun 18, 2026 3:03 AM","Jun 18, 2026 4:14 AM",,MEFMHARD,MECHFMSC
WO2026-227984,CM,COMP,1A2DS0-CONCOURSE LEVEL-SWING GATE LABEL DETACHED-REQUIRES FIXING (SCSS-1A2DS0-B02-COCU-CARE-21a),0001413,L1,1A2DS0,DOOR-38,"Jun 18, 2026 9:21 AM","Jun 18, 2026 9:21 AM","Jun 18, 2026 10:13 AM","Jun 18, 2026 6:19 PM",MESMNS,COMCOOR1
WO2026-227203,CM,CLOSE,1A2DS0 - SOCKET COVER - MISSING - EXIT 2,0000339,L1,1A2DS0-G00-ENT02,MEPG0062,"Jun 17, 2026 6:17 AM","Jun 17, 2026 6:17 AM","Jun 17, 2026 6:33 AM","Jun 21, 2026 2:53 AM",MEFMHARD,ELECFMSC
WO2026-225777,CM,INPRG,1A2DS0 - MINOR LEAKAGE IN PUMP ROOM HEADER,0000339,L1,1A2DS0-B02-ACY,CMAC008758,"Jun 15, 2026 10:49 PM","Jun 15, 2026 10:49 PM","Jun 15, 2026 11:04 PM",,MEFMHARD,HVACFMSC
WO2026-225602,CM,CLOSE,1A2DS0- FSCADA-BMS DISCREPANCY ON ALARM NOTIFICATION,0000339,L1,1A2DS0-B02-GEN01,REL1002201,"Jun 15, 2026 3:00 AM","Jun 15, 2026 3:00 AM","Jun 15, 2026 4:37 AM","Jun 18, 2026 4:20 PM",MEFMHARD,ELECFMSC
WO2026-227927,CM,CLOSE,1A2DS0- CONCOURSE LEVEL - ELEVATOR 1 - NO INTERLOCKING SERIE SIGNAL,0000339,L1,1A2DS0-G00,CMLF000505,"Jun 18, 2026 3:46 AM","Jun 18, 2026 3:46 AM","Jun 18, 2026 4:22 AM","Jun 18, 2026 1:06 PM",MEFMHARD,MECHFMSC
WO2026-225634,CM,CLOSE,1A2DS0 - PLATFORM 1- LOOSE WALL TILES BESIDE HOSE REEL (INFRONT MSD 108),0000339,L1,1A2DS0-P01-PLAT,INTWAL-38,"Jun 15, 2026 6:44 AM","Jun 15, 2026 6:44 AM","Jun 15, 2026 7:55 AM","Jun 18, 2026 11:26 AM",MEFMSOFT,MEFMCSA
WO2026-225578,CM,COMP,1A2DS0 - G00-ENTRANCE 1 - ACDW-15 (DR15) - NOT Responding when command given on WORKSTATION,0000339,L1,1A2DS0-P03-SMR,SC121477,"Jun 15, 2026 1:44 AM","Jun 15, 2026 1:44 AM","Jun 15, 2026 1:53 AM","Jun 15, 2026 1:16 PM",MESMNS,COMCOOR1
WO2026-226404,CM,CLOSE,Line 1_DPS Stabling building there is no water supply reported by HK,0000247,L1,100DPS-G00-SM,,"Jun 16, 2026 1:35 AM","Jun 16, 2026 1:35 AM","Jun 16, 2026 2:47 AM","Jun 17, 2026 12:17 PM",MEFMHARD,MECHFMSC
WO2026-226551,CM,CLOSE,Train 129 Deep cleaning required Seats.,FM-145309,L1,100DPS-G00-SM,MEPG1919,"Jun 16, 2026 8:18 PM","Jun 16, 2026 8:18 PM","Jun 16, 2026 8:21 PM","Jun 18, 2026 8:01 AM",MEFMHARD,SSFMSC
WO2026-226553,CM,CLOSE,Train 121 Deep cleaning required Seats.,FM-145309,L1,100DPN,MEPG1919,"Jun 16, 2026 8:31 PM","Jun 16, 2026 8:31 PM","Jun 16, 2026 8:33 PM","Jun 17, 2026 9:01 AM",MEFMHARD,SSFMSC
WO2026-226553,CM,CLOSE,Train 121 Deep cleaning required Seats.,FM-145309,L1,100DPN,MEPG1919,"Jun 16, 2026 8:31 PM","Jun 16, 2026 8:31 PM","Jun 16, 2026 8:33 PM","Jun 17, 2026 9:01 AM",MEFMHARD,SSFMSC
WO2026-226551,CM,CLOSE,Train 129 Deep cleaning required Seats.,FM-145309,L1,100DPS-G00-SM,MEPG1919,"Jun 16, 2026 8:18 PM","Jun 16, 2026 8:18 PM","Jun 16, 2026 8:21 PM","Jun 18, 2026 8:01 AM",MEFMHARD,SSFMSC
WO2026-225642,CM,COMP,"L1_DPS-T4001_M-Car_Acceleration sensor right, axle1, car end1 malfunction",TSM-333,L1,4001,M4001,"Jun 15, 2026 8:32 AM","Jun 15, 2026 8:32 AM","Jun 15, 2026 8:33 AM","Jun 15, 2026 2:50 PM",MESMNS,RSTCOOR1
WO2026-227280,CM,HOLD,"T4003_1J1-1_UTO_Car 2 HVAC system minor fault ""Car temperature 26C""",TSM-331,L1,4003,RML46381,"Jun 17, 2026 3:28 PM","Jun 17, 2026 3:52 PM","Jun 17, 2026 3:57 PM",,MESMNS,RSTCOOR1
WO2026-227280,CM,HOLD,"T4003_1J1-1_UTO_Car 2 HVAC system minor fault ""Car temperature 26C""",TSM-331,L1,4003,RML46381,"Jun 17, 2026 3:28 PM","Jun 17, 2026 3:52 PM","Jun 17, 2026 3:57 PM",,MESMNS,RSTCOOR1
WO2026-227292,CM,COMP,4004 _MC2_EED  door 5 not returning to home position,TSM-237,L1,4004,M4004,"Jun 17, 2026 5:18 PM","Jun 17, 2026 5:18 PM","Jun 17, 2026 5:20 PM","Jun 18, 2026 9:30 AM",MESMNS,RSTCOOR1
WO2026-226495,CM,HOLD,L1_T4004_DPS-AWT_CIP-42 Self call trigger,TSM-333,L1,4004,RML109138,"Jun 16, 2026 12:04 PM","Jun 16, 2026 12:04 PM","Jun 16, 2026 12:08 PM",,MESMNS,RSTCOOR1
WO2026-226495,CM,HOLD,L1_T4004_DPS-AWT_CIP-42 Self call trigger,TSM-333,L1,4004,RML109138,"Jun 16, 2026 12:04 PM","Jun 16, 2026 12:04 PM","Jun 16, 2026 12:08 PM",,MESMNS,RSTCOOR1
WO2026-226495,CM,HOLD,L1_T4004_DPS-AWT_CIP-42 Self call trigger,TSM-333,L1,4004,RML109138,"Jun 16, 2026 12:04 PM","Jun 16, 2026 12:04 PM","Jun 16, 2026 12:08 PM",,MESMNS,RSTCOOR1
WO2026-227228,CM,COMP,L1_T4005_1D22_All intercom offline in ATS Media,TSM-333,L1,4005,M4005,"Jun 17, 2026 9:08 AM","Jun 17, 2026 9:09 AM","Jun 17, 2026 9:10 AM","Jun 17, 2026 10:30 AM",MESMNS,SIGCOOR1
WO2026-225607,CM,COMP,L1_DPN SBL7P02_T4006 DLM 42 showing faulty,TSM-332,L1,4006,M4006,"Jun 15, 2026 5:21 AM","Jun 15, 2026 5:21 AM","Jun 15, 2026 5:27 AM","Jun 16, 2026 12:10 PM",MESMNS,SIGCOOR1
WO2026-226431,CM,COMP,L1_DPS_T4008 T CAR CAM 3 (1.5) View is blurred,TSM-332,L1,4008,M4008,"Jun 16, 2026 5:41 AM","Jun 16, 2026 5:41 AM","Jun 16, 2026 5:45 AM","Jun 17, 2026 3:37 AM",MESMNS,RSTCOOR1
WO2026-227215,CM,HOLD,L1_T4008_1F52_CAR 1 Door 5 Major fault,TSM-333,L1,4008,RML4008MC1DOOR5,"Jun 17, 2026 7:34 AM","Jun 17, 2026 7:37 AM","Jun 17, 2026 7:44 AM",,MESMNS,RSTCOOR1
WO2026-226431,CM,COMP,L1_DPS_T4008 T CAR CAM 3 (1.5) View is blurred,TSM-332,L1,4008,M4008,"Jun 16, 2026 5:41 AM","Jun 16, 2026 5:41 AM","Jun 16, 2026 5:45 AM","Jun 17, 2026 3:37 AM",MESMNS,RSTCOOR1
WO2026-226431,CM,COMP,L1_DPS_T4008 T CAR CAM 3 (1.5) View is blurred,TSM-332,L1,4008,M4008,"Jun 16, 2026 5:41 AM","Jun 16, 2026 5:41 AM","Jun 16, 2026 5:45 AM","Jun 17, 2026 3:37 AM",MESMNS,RSTCOOR1
WO2026-227290,CM,COMP,4010 ER Medium Fault,TSM-237,L1,4010,M4010,"Jun 17, 2026 5:16 PM","Jun 17, 2026 5:16 PM","Jun 17, 2026 5:19 PM","Jun 18, 2026 1:46 AM",MESMNS,RSTCOOR1
WO2026-227290,CM,COMP,4010 ER Medium Fault,TSM-237,L1,4010,M4010,"Jun 17, 2026 5:16 PM","Jun 17, 2026 5:16 PM","Jun 17, 2026 5:19 PM","Jun 18, 2026 1:46 AM",MESMNS,RSTCOOR1
WO2026-226655,MOD,COMP,L1_T4028- AD Screen migration to ACES network,TSM-332,L1,4028,M4010,"Jun 17, 2026 12:00 AM","Jun 17, 2026 12:00 AM","Jun 17, 2026 12:03 AM","Jun 21, 2026 11:16 AM",MESMNS,RSTCOOR1
WO2026-227281,CM,COMP,"T4011_1H2-1_UTO_CBTC Failure ""OBCU A UNAVAILABLE""",TSM-331,L1,4011,RML52361,"Jun 17, 2026 3:08 PM","Jun 17, 2026 3:53 PM","Jun 17, 2026 3:57 PM","Jun 17, 2026 7:39 PM",MESMNS,SIGCOOR1
WO2026-227247,CM,COMP,L1_T4011_TS1086_CBCT failure _OBCU B Unavailable,TSM-333,L1,4011,RML52361,"Jun 17, 2026 10:57 AM","Jun 17, 2026 11:05 AM","Jun 17, 2026 11:13 AM","Jun 17, 2026 7:40 PM",MESMNS,SIGCOOR1
WO2026-225643,CM,COMP,L1_T4011_TS1131_OBCU B Unavailable,TSM-333,L1,4011,RML52361,"Jun 15, 2026 8:38 AM","Jun 15, 2026 8:38 AM","Jun 15, 2026 8:44 AM","Jun 16, 2026 2:17 AM",MESMNS,SIGCOOR1
WO2026-225740,CM,COMP,T4012 Tcar ASU Oil leakage,TSM-260,L1,4012,RML90763,"Jun 15, 2026 7:45 PM","Jun 15, 2026 7:45 PM","Jun 15, 2026 7:54 PM","Jun 16, 2026 1:43 AM",MESMNS,RSTCOOR1
WO2026-225648,CM,COMP,L1_T4013_ML_ALL Intercom offline,TSM-333,L1,4013,M4013,"Jun 15, 2026 9:48 AM","Jun 15, 2026 9:51 AM","Jun 15, 2026 9:54 AM","Jun 15, 2026 11:23 AM",MESMNS,SIGCOOR1
WO2026-228044,CM,COMP,L1_T4014_TS1030_UTO_TU-A link not operational with OBCU A&B,TSM-360,L1,4014,RML91373,"Jun 18, 2026 4:07 PM","Jun 18, 2026 4:07 PM","Jun 18, 2026 4:54 PM","Jun 19, 2026 9:48 AM",MESMNS,SIGCOOR1
WO2026-225774,CM,COMP,L1_1J22_T4015 All onboard CIP are showing faulty,TSM-332,L1,4015,M4015,"Jun 15, 2026 10:36 PM","Jun 15, 2026 10:41 PM","Jun 15, 2026 10:49 PM","Jun 15, 2026 11:42 PM",MESMNS,SIGCOOR1
WO2026-226500,CM,COMP,L1_4017_WS_MCar_Door 2_Family class pictogram missing,TSM-120,L1,4017,RML4017MINTERIOR,"Jun 16, 2026 12:12 PM","Jun 16, 2026 12:12 PM","Jun 16, 2026 12:25 PM","Jun 16, 2026 1:17 PM",MESMNS,RSTCOOR1
WO2026-226499,CM,COMP,L1_4017_WS_MC2 Door 3_Single class pictogram damage,TSM-120,L1,4017,RML4017MC2INTERIOR,"Jun 16, 2026 12:16 PM","Jun 16, 2026 12:16 PM","Jun 16, 2026 12:21 PM","Jun 16, 2026 1:13 PM",MESMNS,RSTCOOR1
WO2026-225583,CM,COMP,L1_DPN SBL8P01_T4018 Communication loss with ATS after Stabling re-energized,TSM-332,L1,1ADDPS-G00-SIG,M4018,"Jun 15, 2026 3:00 AM","Jun 15, 2026 3:10 AM","Jun 15, 2026 3:15 AM","Jun 16, 2026 1:18 AM",MESMNS,SIGCOOR1
WO2026-227943,CM,COMP,L1_DPS_T4019 CIP 21 Showing Faulty,TSM-332,L1,4019,M4019,"Jun 18, 2026 5:42 AM","Jun 18, 2026 5:42 AM","Jun 18, 2026 5:45 AM","Jun 18, 2026 12:00 PM",MESMNS,SIGCOOR1
WO2026-226417,CM,COMP,L1_DPS SBL6P01_T4019 CIP 35 Showing Faulty,TSM-332,L1,4019,M4019,"Jun 16, 2026 4:59 AM","Jun 16, 2026 4:59 AM","Jun 16, 2026 5:02 AM","Jun 16, 2026 12:25 PM",MESMNS,SIGCOOR1
WO2026-225687,CM,COMP,L1_T4019_1F82_CBTC Failure/Unit B Failure link unit/Unit A rack LRU status alarm in ATS,TSM-333,L1,4019,RML86033,"Jun 15, 2026 12:53 PM","Jun 15, 2026 12:53 PM","Jun 15, 2026 12:58 PM","Jun 15, 2026 3:05 PM",MESMNS,SIGCOOR1
WO2026-227186,CM,COMP,L1_DPN SBL4P01_T4021 Communication Lost with ATS after re-energization.,TSM-332,L1,1ADDPS-G00-SIG,M4021,"Jun 17, 2026 5:20 AM","Jun 17, 2026 5:20 AM","Jun 17, 2026 5:21 AM","Jun 17, 2026 7:45 PM",MESMNS,SIGCOOR1
WO2026-225720,CM,HOLD,T4021-Multiple Axle has Found with Abnormal RUST & Scratches on inner surface during Ultrasonic Test,TSM-252,L1,4021,RML84908,"Jun 15, 2026 5:14 PM","Jun 15, 2026 5:14 PM","Jun 15, 2026 5:41 PM",,MESMNS,RSTCOOR1
WO2026-227187,CM,COMP,L1_DPN SBL8P01_T4022 Communication Lost with ATS  after re-energization,TSM-332,L1,1ADDPS-G00-SIG,M4022,"Jun 17, 2026 5:18 AM","Jun 17, 2026 5:18 AM","Jun 17, 2026 5:24 AM","Jun 17, 2026 9:15 PM",MESMNS,SIGCOOR1
WO2026-225755,CM,COMP,L1_T124 All Intercoms offline,TSM-331,L1,4024,RML99526,"Jun 15, 2026 8:47 PM","Jun 15, 2026 8:47 PM","Jun 15, 2026 9:00 PM","Jun 15, 2026 9:40 PM",MESMNS,SIGCOOR1
WO2026-226489,CM,COMP,L1_T4028_ML_M-CAR Abnormal sound from speaker,TSM-333,L1,4028,M4028,"Jun 16, 2026 11:27 AM","Jun 16, 2026 11:27 AM","Jun 16, 2026 11:30 AM","Jun 18, 2026 2:07 AM",MESMNS,RSTCOOR1
WO2026-226418,CM,COMP,L1_DPS SBL7P013_T4029 CIP 33 Showing Faulty,TSM-332,L1,4029,M4029,"Jun 16, 2026 5:00 AM","Jun 16, 2026 5:00 AM","Jun 16, 2026 5:04 AM","Jun 18, 2026 3:42 AM",MESMNS,SIGCOOR1
WO2026-226418,CM,COMP,L1_DPS SBL7P013_T4029 CIP 33 Showing Faulty,TSM-332,L1,4029,M4029,"Jun 16, 2026 5:00 AM","Jun 16, 2026 5:00 AM","Jun 16, 2026 5:04 AM","Jun 18, 2026 3:42 AM",MESMNS,SIGCOOR1
WO2026-226585,CM,HOLD,L1_1Y11_T4029 Car 4 Door Major Fault.,TSM-332,L1,4029,M4029,"Jun 16, 2026 10:04 PM","Jun 16, 2026 10:27 PM","Jun 16, 2026 10:49 PM",,MESMNS,RSTCOOR1
WO2026-227238,CM,COMP,"OVH OBV: T, CE2 axle 2, left side and MC1, CE2, axle 2 right side Stick lube need to refill.",TSM-341,L1,4030,M4030,"Jun 17, 2026 9:01 AM","Jun 17, 2026 9:01 AM","Jun 17, 2026 9:32 AM","Jun 18, 2026 10:12 AM",MESMNS,RSTCOOR1
WO2026-225609,CM,COMP,L1_DPS SBL1P02_T4030 AD 24 showing faulty,TSM-332,L1,4030,M4030,"Jun 15, 2026 5:22 AM","Jun 15, 2026 5:22 AM","Jun 15, 2026 5:30 AM","Jun 21, 2026 4:19 AM",MESMNS,SIGCOOR1
WO2026-225609,CM,COMP,L1_DPS SBL1P02_T4030 AD 24 showing faulty,TSM-332,L1,4030,M4030,"Jun 15, 2026 5:22 AM","Jun 15, 2026 5:22 AM","Jun 15, 2026 5:30 AM","Jun 21, 2026 4:19 AM",MESMNS,SIGCOOR1
WO2026-228014,CM,COMP,T4031_DOD_Zero shift sensor replacement,TSM-333,L1,4031,M4031,"Jun 18, 2026 1:23 PM","Jun 18, 2026 1:23 PM","Jun 18, 2026 1:26 PM","Jun 18, 2026 6:02 PM",MESMNS,RSTCOOR1
WO2026-227266,CM,HOLD,L1_T4031_DPS-STABLING_CAR 1 Parking brake minor alarm,TSM-333,L1,4031,M4031,"Jun 17, 2026 1:28 PM","Jun 17, 2026 1:51 PM","Jun 17, 2026 1:55 PM",,MESMNS,RSTCOOR1
WO2026-228015,CM,COMP,L1_4032_WS_T-Car_Door 5_Family class pictogram damaged and missing,TSM-120,L1,4032,RML4032TINTERIOR,"Jun 18, 2026 1:19 PM","Jun 18, 2026 1:19 PM","Jun 18, 2026 1:33 PM","Jun 18, 2026 3:04 PM",MESMNS,RSTCOOR1
WO2026-225584,CM,COMP,L1_DPN SBL8P02_T4032 Communication loss after Stabling re-energized .,TSM-332,L1,1ADDPS-G00-SIG,M4032,"Jun 15, 2026 3:00 AM","Jun 15, 2026 3:12 AM","Jun 15, 2026 3:17 AM","Jun 16, 2026 1:48 AM",MESMNS,SIGCOOR1
WO2026-228053,CM,COMP,T4032 M car ASU Oil leakage,TSM-260,L1,4032,RML71234,"Jun 18, 2026 6:11 PM","Jun 18, 2026 6:11 PM","Jun 18, 2026 6:18 PM","Jun 18, 2026 10:40 PM",MESMNS,RSTCOOR1
WO2026-225664,CM,COMP,L1_4034_WS_MC2 Door3 single class pictogram damage,TSM-120,L1,4034,RML4034MC2INTERIOR,"Jun 15, 2026 11:42 AM","Jun 15, 2026 11:42 AM","Jun 15, 2026 11:49 AM","Jun 15, 2026 2:43 PM",MESMNS,RSTCOOR1
WO2026-227945,CM,COMP,L1_T4032_ PTD 32 Showing faulty,TSM-332,L1,4032,M4036,"Jun 18, 2026 5:49 AM","Jun 18, 2026 5:49 AM","Jun 18, 2026 5:50 AM","Jun 19, 2026 1:50 AM",MESMNS,RSTCOOR1
WO2026-227945,CM,COMP,L1_T4032_ PTD 32 Showing faulty,TSM-332,L1,4032,M4036,"Jun 18, 2026 5:49 AM","Jun 18, 2026 5:49 AM","Jun 18, 2026 5:50 AM","Jun 19, 2026 1:50 AM",MESMNS,RSTCOOR1
WO2026-227194,CM,COMP,L1_DPS_T4037 CIP 41 Showing faulty,TSM-332,L1,4037,M4037,"Jun 17, 2026 5:47 AM","Jun 17, 2026 5:47 AM","Jun 17, 2026 5:51 AM","Jun 17, 2026 11:46 AM",MESMNS,SIGCOOR1
WO2026-226506,CM,COMP,L1_T4037_ML_Too short stop alarm,TSM-333,L1,4037,M4037,"Jun 16, 2026 12:44 PM","Jun 16, 2026 12:44 PM","Jun 16, 2026 12:53 PM","Jun 17, 2026 3:43 AM",MESMNS,RSTCOOR1
WO2026-225127,CM,COMP,L1_T4037_Car4 DOD minor fault (derailment detection warning),TSM-332,L1,4037,M4037,"Jun 15, 2026 12:08 AM","Jun 15, 2026 12:08 AM","Jun 15, 2026 12:10 AM","Jun 15, 2026 3:01 AM",MESMNS,RSTCOOR1
WO2026-227195,CM,COMP,L1_DPN_T4040 CIP 14 Showing faulty,TSM-332,L1,4040,M4040,"Jun 17, 2026 5:52 AM","Jun 17, 2026 5:52 AM","Jun 17, 2026 5:55 AM","Jun 17, 2026 12:35 PM",MESMNS,SIGCOOR1
WO2026-226467,CM,CLOSE,1F4-Male public washroom door lock faulty.,SANDIP.GHOLAP,L1,1F4TS0-G00-WCM,DOOR-37,"Jun 16, 2026 6:42 AM","Jun 16, 2026 6:42 AM","Jun 16, 2026 9:33 AM","Jun 18, 2026 2:47 AM",MEFMSOFT,MEFMCSA
WO2026-226521,CM,INPRG,DPS-Admin Building - Secondary Pump F02 Contactor not working,FM-144395,L1,1ADDPS-F01-CWP,CP00000938,"Jun 16, 2026 2:52 PM","Jun 16, 2026 2:52 PM","Jun 16, 2026 2:55 PM",,MEFMHARD,HVACFMSC
WO2026-225653,CM,COMP,L1_CCR_VCP Flickered  once and self normalized,TSM-333,L1,1ADDPS-G00-CCR,SIGC000280,"Jun 15, 2026 11:01 AM","Jun 15, 2026 11:03 AM","Jun 15, 2026 11:05 AM","Jun 19, 2026 10:32 AM",MESMNS,SIGCOOR1
WO2026-227218,CM,COMP,L1_CCR_ATS COM - Communication loss with ATS <Transient>,TSM-333,L1,1ADDPS-G00-SIG,SIGC000311,"Jun 17, 2026 8:02 AM","Jun 17, 2026 8:05 AM","Jun 17, 2026 8:08 AM","Jun 17, 2026 11:06 AM",MESMNS,SIGCOOR1
WO2026-225772,CM,COMP,L1_DPS CCR_Multiple trains Onboard CCTV is faulty,TSM-332,L1,1ADDPS-G00-SIG,SIGC000322,"Jun 15, 2026 10:32 PM","Jun 15, 2026 10:32 PM","Jun 15, 2026 10:35 PM","Jun 15, 2026 10:58 PM",MESMNS,SIGCOOR1
WO2026-228041,CM,COMP,L1_Multiple trains all CIPs are showing faulty in media page,TSM-360,L1,1ADDPS-G00-SIG,SIGC000325,"Jun 18, 2026 4:32 PM","Jun 18, 2026 4:37 PM","Jun 18, 2026 4:45 PM","Jun 18, 2026 7:19 PM",MESMNS,SIGCOOR1
WO2026-225352,CM,COMP,L1_DPS CCR_unable access Multiple trains onboard CCTV,TSM-332,L1,1ADDPS-G00-SIG,SIGC000322,"Jun 14, 2026 11:55 PM","Jun 15, 2026 12:23 AM","Jun 15, 2026 12:26 AM","Jun 15, 2026 3:01 AM",MESMNS,SIGCOOR1
WO2026-227599,CM,COMP,L1_DPS CCR_Multiple trains all onboard CCTV Camera are showing faulty,TSM-332,L1,1ADDPS-G00-SIG,SIGC000322,"Jun 18, 2026 12:00 AM","Jun 18, 2026 12:13 AM","Jun 18, 2026 12:16 AM","Jun 18, 2026 5:19 AM",MESMNS,SIGCOOR1
WO2026-226503,CM,INPRG,DPS -DPS- Chiller -04 Circuit B compressor VFD failure alaram,FM-127413,L1,1CHDPS-G00-CYA,CMAC007218,"Jun 16, 2026 12:34 PM","Jun 16, 2026 12:34 PM","Jun 16, 2026 12:34 PM",,MEFMHARD,HVACFMSC
WO2026-225734,CM,INPRG,South Depot PW AHU-R01 not working in Auto Mode.,FM-145309,L1,1PWDPS-F01-ACY,CMAC007443,"Jun 15, 2026 7:19 PM","Jun 15, 2026 7:19 PM","Jun 15, 2026 7:22 PM",,MEFMHARD,ELECFMSC
WO2026-225695,CM,INPRG,DPS - AHU R02  light Work shop building timer not working,FM-127413,L1,1PWDPS-G00-SBA,CELD003376,"Jun 15, 2026 1:49 PM","Jun 15, 2026 1:49 PM","Jun 15, 2026 1:51 PM",,MEFMHARD,ELECFMSC
WO2026-226548,CM,CLOSE,Train 138 Deep cleaning required Seats.,FM-145309,L1,100DPN,MEPG1919,"Jun 16, 2026 8:06 PM","Jun 16, 2026 8:06 PM","Jun 16, 2026 8:15 PM","Jun 18, 2026 7:51 AM",MEFMHARD,SSFMSC
WO2026-226548,CM,CLOSE,Train 138 Deep cleaning required Seats.,FM-145309,L1,100DPN,MEPG1919,"Jun 16, 2026 8:06 PM","Jun 16, 2026 8:06 PM","Jun 16, 2026 8:15 PM","Jun 18, 2026 7:51 AM",MEFMHARD,SSFMSC
WO2026-225736,CM,INPRG,South Depot SM FCU-G07 Temp showing +inf.,FM-145309,L1,1SMDPS-G00-CORR,CMAC007486,"Jun 15, 2026 7:25 PM","Jun 15, 2026 7:25 PM","Jun 15, 2026 7:29 PM",,MEFMHARD,ELECFMSC
WO2026-227312,CM,INPRG,SD_Manual washplant AC not working,TSM-119,L1,1SMDPS-G00-MWA,,"Jun 17, 2026 2:11 PM","Jun 17, 2026 2:11 PM","Jun 17, 2026 6:27 PM",,MEFMHARD,HVACFMSC
WO2026-226511,CM,COMP,L1_AWT_DPS Washing machine disturbance,TSM-333,L1,1VWDPS-G00-TCP,SW_3_64,"Jun 16, 2026 1:35 PM","Jun 16, 2026 1:37 PM","Jun 16, 2026 1:43 PM","Jun 17, 2026 11:09 AM",MESMNS,DWECOOR1
WO2026-227300,CM,COMP,"L1 DPS Wash Plant - Washing machine disturbance alarm on FSCADA ""T141 stuck""",TSM-331,L1,1VWDPS-G00-TCP,SW_3_64,"Jun 17, 2026 5:23 PM","Jun 17, 2026 5:42 PM","Jun 17, 2026 5:45 PM","Jun 18, 2026 12:22 PM",MESMNS,DWECOOR1
WO2026-227339,CM,INPRG,L1-DPS-SBL05- Disturbance Closing Door Alarm.,FM-126607,L1,100DPS-G00-SM,FSH0033,"Jun 17, 2026 10:37 PM","Jun 17, 2026 10:37 PM","Jun 17, 2026 10:39 PM",,MEFMHARD,MECHFMSC
WO2026-226566,CM,INPRG,south Depot WB AHU-S05 AHU status is not showing occupied.,FM-144395,L1,1WBDPS-F02-HVR,CMAC007583,"Jun 16, 2026 9:25 PM","Jun 16, 2026 9:25 PM","Jun 16, 2026 9:28 PM",,MEFMHARD,ELECFMSC
WO2026-227968,CM,COMP,L1_CCR_All trains intercom offline in ATS media,TSM-333,L1,1WBDPS-F02-SIGS,SIG1005992,"Jun 18, 2026 9:06 AM","Jun 18, 2026 9:06 AM","Jun 18, 2026 9:08 AM","Jun 18, 2026 9:56 AM",MESMNS,SIGCOOR1
WO2026-227272,CM,INPRG,DPN-ENTRANCE & EXIT BARRIER GATE NOT WORKING,FM-144395,L1,1SVDPN-G00-LVR,CELD003606,"Jun 17, 2026 2:36 PM","Jun 17, 2026 2:36 PM","Jun 17, 2026 2:38 PM",,MEFMHARD,ELECFMSC
WO2026-227272,CM,INPRG,DPN-ENTRANCE & EXIT BARRIER GATE NOT WORKING,FM-144395,L1,1SVDPN-G00-LVR,CELD003606,"Jun 17, 2026 2:36 PM","Jun 17, 2026 2:36 PM","Jun 17, 2026 2:38 PM",,MEFMHARD,ELECFMSC
WO2026-227245,CM,COMP,1B1-ELV-ELevator-001 not working and showing faulty in Work station,0001394,L1,1B1DS0-P06-G00,CMLF000529,"Jun 17, 2026 11:04 AM","Jun 17, 2026 11:04 AM","Jun 17, 2026 11:09 AM","Jun 17, 2026 4:25 PM",MEFMHARD,BACSMC
WO2026-226531,CM,COMP,1B1-BOH elevator-105 Bottom landing Panel display Showing lines,0001394,L1,1B1DS0-P06-B03,CMLF000535,"Jun 16, 2026 2:52 PM","Jun 16, 2026 2:52 PM","Jun 16, 2026 3:53 PM","Jun 17, 2026 9:06 AM",MEFMHARD,BACSMC
WO2026-225615,CM,COMP,1B4-Exit-01 Escalator 100003 in the mid section Skirt light not glowing some portion,0001142,L1,1B4DS0-B03-G00,CMES000873,"Jun 15, 2026 5:31 AM","Jun 15, 2026 5:31 AM","Jun 15, 2026 5:55 AM","Jun 15, 2026 11:01 AM",MEFMHARD,BACSMC
WO2026-226435,CM,COMP,1B4-Exit-01-Escalator 100002 bottom skirt light not GLOWING,0001142,L1,1B4DS0-B03-G00,CMES000872,"Jun 16, 2026 5:48 AM","Jun 16, 2026 5:48 AM","Jun 16, 2026 5:58 AM","Jun 16, 2026 1:21 PM",MEFMHARD,BACSMC
WO2026-225616,CM,COMP,1B4-Exit-03 Escalator 100006 in the mid section Skirt light not glowing some portion,0001142,L1,1B4DS0-B03-G00,CMES000876,"Jun 15, 2026 5:42 AM","Jun 15, 2026 5:42 AM","Jun 15, 2026 5:57 AM","Jun 15, 2026 10:06 AM",MEFMHARD,BACSMC
WO2026-225614,CM,COMP,1B4-Exit-02 Escalator 100001 in the mid section Skirt light not glowing some portion,0001142,L1,1B4DS0-B03-G00,CMES000871,"Jun 15, 2026 5:36 AM","Jun 15, 2026 5:36 AM","Jun 15, 2026 5:50 AM","Jun 15, 2026 12:02 PM",MEFMHARD,BACSMC
WO2026-227964,CM,CLOSE,1C3-Grade to Consourse Elevator 100004 is faulty,0001375,L1,1C3DS0-B03-G00,CMLF000580,"Jun 18, 2026 6:47 AM","Jun 18, 2026 6:47 AM","Jun 18, 2026 8:01 AM","Jun 18, 2026 1:55 PM",MEFMHARD,MECHFMSC
WO2026-228131,CM,COMP,1C3-Escalator100005- one skirt light not working,0001205,L1,1C3DS0-B03-G00,CMES000953,"Jun 18, 2026 11:02 PM","Jun 18, 2026 11:02 PM","Jun 19, 2026 12:02 AM","Jun 20, 2026 11:47 AM",MEFMHARD,BACSMC
WO2026-228023,CM,CLOSE,1C3-Concourse level Exit 4-ESC 100005 Faulty-Handrail Intlet Top landing Keyswitch RST Fault,JOEL.MANANKIL,L1,1C3DS0-B03-G00,CMES000953,"Jun 18, 2026 1:48 PM","Jun 18, 2026 1:48 PM","Jun 18, 2026 2:02 PM","Jun 18, 2026 3:11 PM",MEFMHARD,MECHFMSC
WO2026-228028,CM,CLOSE,"1C3- Elevator100004- continuous faults on L&E, Elevator is switched OFF due to continuous faults",0001205,L1,1C3DS0-B03-G00,CMLF000580,"Jun 18, 2026 3:15 PM","Jun 18, 2026 3:15 PM","Jun 18, 2026 3:17 PM","Jun 18, 2026 10:05 PM",MEFMHARD,MECHFMSC
WO2026-227207,CM,COMP,1C4-Exit-01 Escalator 10011 bottom portion some skirt light not glowing,0001142,L1,1C4DS0-B03-G00,CMES001000,"Jun 17, 2026 6:23 AM","Jun 17, 2026 6:23 AM","Jun 17, 2026 6:44 AM","Jun 17, 2026 12:12 PM",MEFMHARD,BACSMC
WO2026-227208,CM,COMP,1C4-Exit-02 Escalator 100005 Top portion some skirt light not glowing,0001142,L1,1C4DS0-B03-G00,CMES000994,"Jun 17, 2026 6:27 AM","Jun 17, 2026 6:27 AM","Jun 17, 2026 6:47 AM","Jun 17, 2026 12:07 PM",MEFMHARD,BACSMC
WO2026-228083,CM,COMP,"1F4-Elevator-100014-not working, Open safety series while running fault.",0001201,L1,1F4TS0-P07-B04,CMLF000644,"Jun 18, 2026 11:15 PM","Jun 18, 2026 11:15 PM","Jun 18, 2026 11:55 PM","Jun 19, 2026 9:48 PM",MEFMHARD,BACSMC
WO2026-225707,CM,CLOSE,1F5-Escalator-100002-Faulty-Missing Step TOP-Error86,0001156,L1,1F5DS0-B03-G00,CMES001097,"Jun 15, 2026 3:56 PM","Jun 15, 2026 3:56 PM","Jun 15, 2026 4:01 PM","Jun 15, 2026 8:16 PM",MEFMHARD,MECHFMSC
WO2026-226461,CM,CLOSE,1F5-ETE-100003- Showed OP ERROR-Kept Out of service as per TKE Team.,0001156,L1,1F5DS0-B03-G00,CMLF000684,"Jun 16, 2026 8:52 AM","Jun 16, 2026 8:52 AM","Jun 16, 2026 8:56 AM","Jun 16, 2026 1:30 PM",MEFMHARD,MECHFMSC
WO2026-228061,CM,CLOSE,1J1:  Elevator -03 Machine room overheating alarm on BMS,MAYUR.KOLATE,L1,1J1ES0-G00-F01,CMLF000708,"Jun 18, 2026 7:15 PM","Jun 18, 2026 7:15 PM","Jun 18, 2026 7:55 PM","Jun 19, 2026 4:37 PM",MEFMHARD,HVACFMSC
WO2026-228051,CM,COMP,1J1: Escalator-100009- Faulty- (Safety circuit relay Manual RST fault),MAYUR.KOLATE,L1,1J1ES0-F01-P02,CMES001146,"Jun 18, 2026 5:42 PM","Jun 18, 2026 5:42 PM","Jun 18, 2026 6:01 PM","Jun 18, 2026 7:43 PM",MEFMHARD,BACSMC
WO2026-226433,CM,COMP,1B3-ESC 100013 Bottom skirt light partially not working.,0001146,L2,2B2TS0-P03-B02,CMES000685,"Jun 16, 2026 5:38 AM","Jun 16, 2026 5:38 AM","Jun 16, 2026 5:52 AM","Jun 19, 2026 9:23 AM",MEFMHARD,BACSMC
WO2026-226434,CM,COMP,1B3-ESC 100021 Bottom skirt light partially not working.,0001146,L2,2B2TS0-B02-B01,CMES000693,"Jun 16, 2026 5:41 AM","Jun 16, 2026 5:41 AM","Jun 16, 2026 5:55 AM","Jun 16, 2026 2:04 PM",MEFMHARD,BACSMC
WO2026-226443,CM,COMP,1B3/2B2-ESC 100026 Bottom skirt light partially not working.,0001146,L2,2B2TS0-B01-G00,CMES000698,"Jun 16, 2026 6:12 AM","Jun 16, 2026 6:12 AM","Jun 16, 2026 6:37 AM","Jun 19, 2026 9:15 AM",MEFMHARD,BACSMC
WO2026-226444,CM,COMP,1B3/2B2-ESC100025 Bottom skirt light partially not working.,0001146,L2,2B2TS0-B01-G00,CMES000697,"Jun 16, 2026 6:14 AM","Jun 16, 2026 6:14 AM","Jun 16, 2026 6:41 AM","Jun 19, 2026 9:49 AM",MEFMHARD,BACSMC
WO2026-227189,CM,COMP,1B1-Escalator 03 upper landing tube lights not working,0001419,L1,1B1DS0-B03-G00,CMES000915,"Jun 17, 2026 5:03 AM","Jun 17, 2026 5:03 AM","Jun 17, 2026 5:28 AM","Jun 17, 2026 3:54 PM",MEFMHARD,BACSMC
WO2026-228096,CM,COMP,1C3-Escalator100102- one skirt light not working,0001205,L1,1C3DS0-B04-B03,CMES000957,"Jun 18, 2026 10:59 PM","Jun 18, 2026 10:59 PM","Jun 19, 2026 12:00 AM","Jun 20, 2026 11:20 AM",MEFMHARD,BACSMC
WO2026-227916,CM,COMP,1F4-Escalator-ESC100006 light partially not working.,0001201,L1,1F4TS0-B04-G00,CMES001047,"Jun 18, 2026 1:12 AM","Jun 18, 2026 1:12 AM","Jun 18, 2026 1:52 AM","Jun 18, 2026 12:45 PM",MEFMHARD,BACSMC
WO2026-227199,CM,COMP,1H2PR-ENT05-ESC02-Skirt guard lighting is not working properly.,0001411,L1,1H2PR0-G00-F02,CMES001212,"Jun 17, 2026 5:54 AM","Jun 17, 2026 5:54 AM","Jun 17, 2026 6:11 AM","Jun 17, 2026 10:06 AM",MEFMHARD,BACSMC
WO2026-226403,CM,CLOSE,1Y1- PR ESC100004 faulty,0000895,L1,1Y1PR0-F01-F02,CMES001220,"Jun 16, 2026 2:33 AM","Jun 16, 2026 2:33 AM","Jun 16, 2026 2:41 AM","Jun 16, 2026 9:43 AM",MEFMHARD,MECHFMSC
WO2026-226496,CM,CLOSE,2A2-TOR Glass door patch lock was not fixed properly.,RAMU.SIGURU,L2,2A2ES0- F01-TOR,DOOR-18,"Jun 16, 2026 11:56 AM","Jun 16, 2026 11:56 AM","Jun 16, 2026 12:12 PM","Jun 16, 2026 1:59 PM",MEFMCSA,MEFMCSA
WO2026-227343,CM,CLOSE,2C4 - BMS-PDX 02&04 Not Working - SIG Room Temperature above 30°C,0001384,L2,2C4AG0,CMAC002930,"Jun 17, 2026 11:22 PM","Jun 17, 2026 11:22 PM","Jun 17, 2026 11:28 PM","Jun 18, 2026 2:08 PM",MEFMHARD,HVACFMSC
WO2026-227913,CM,CLOSE,"1Y1-Mezzanine-Elevator 04-Mezzanine-PF01-Not working, Showing no fault on L&E",0001393,L1,1Y1ES0-F01-P04,CMLF000816,"Jun 18, 2026 1:19 AM","Jun 18, 2026 1:19 AM","Jun 18, 2026 1:38 AM","Jun 18, 2026 2:14 PM",MEFMHARD,MECHFMSC
WO2026-225597,CM,COMP,1Y1-SABB- Elevator no 100004 faulty.,0000895,L1,1Y1ES0-F01-P04,CMLF000816,"Jun 15, 2026 3:42 AM","Jun 15, 2026 3:42 AM","Jun 15, 2026 4:24 AM","Jun 15, 2026 9:43 AM",MEFMHARD,BACSMC
WO2026-225685,CM,CLOSE,1Y1-ETE100001 Faulty Overheating Machine.,ABDULARAHMAN.ALSUFAI,L1,1Y1ES0-G00-F01,CMLF000814,"Jun 15, 2026 12:26 PM","Jun 15, 2026 12:26 PM","Jun 15, 2026 12:54 PM","Jun 18, 2026 12:15 PM",MEFMHARD,HVACFMSC
